timestamp,update_id,episode_id,phase_id,phase_name,max_step,episode_return,episode_len,done_reason,start_distance,final_distance,start_agl,final_agl,start_alt_error,final_alt_error,final_closing_speed,final_theta_deg,final_alpha_deg,final_beta_deg,final_alignment,final_forward_up_dot,final_grounded_flag,final_ang_vel_mag,episode_index,success_flag,min_distance,theta_at_min_distance,alignment_at_min_distance,closing_at_min_distance,agl_at_min_distance,mean_theta,bad_theta_frac,mean_a0,high_a0_frac,mean_thrust,mean_reward,sum_gate
2026-04-13 13:07:12,2142,1,1,v8_7_phase_2_1_thrust_guard_v2,500,142.63369773334796,190,success,113.60694122314452,14.670531272888184,0.4062908589839935,37.23042678833008,48.5619010925293,12.170368194580078,29.10513687133789,36.46281461995133,-9.868126685466546,31.19338856208361,0.8042427356336498,0.9973560571670532,0.0,5.226017394402157,1,1.0,14.670531272888184,36.46281461995133,0.8042427356336498,29.10513687133789,37.23042678833008,53.90592997229305,0.0,-0.5004653358439866,0.19473684210526315,737.465099811701,0.750703672280779,12.376891701612935
2026-04-13 13:07:15,2142,2,1,v8_7_phase_2_1_thrust_guard_v2,500,167.23925566036056,190,success,114.2954330444336,14.56089687347412,0.4062908589839935,35.51268005371094,48.5619010925293,13.89883041381836,25.531892776489254,20.047575100849567,-1.499591190886454,18.31210770256666,0.9394083031327576,0.9584915637969972,0.0,1.7333898790983575,2,1.0,14.56089687347412,20.047575100849567,0.9394083031327576,25.531892776489254,35.51268005371094,47.972042306850796,0.0,-0.5430986252221229,0.16842105263157894,734.2676031083407,0.8802066087387398,5.340968144512704
2026-04-13 13:07:18,2142,3,1,v8_7_phase_2_1_thrust_guard_v2,500,169.09665050404138,192,success,113.452880859375,14.863739013671877,0.4062908589839935,36.28234100341797,48.5619010925293,13.117549896240234,26.055944442749023,24.636453062648265,2.219996108805146,-11.625010141892028,0.908971076394028,0.995599925518036,0.0,1.885374129945563,3,1.0,14.863739013671877,24.636453062648265,0.908971076394028,26.055944442749023,36.28234100341797,51.23672065692862,0.0,-0.5604988517946671,0.16145833333333334,732.9625861154,0.8807117213752155,4.760762002637478
2026-04-13 13:07:21,2142,4,1,v8_7_phase_2_1_thrust_guard_v2,500,152.17927204535792,194,success,115.8104248046875,14.940810203552246,0.4062908589839935,36.73299026489258,48.5619010925293,12.669174194335938,26.652271270751957,36.57916347736791,2.417756338816637,29.80064810352089,0.803034248769286,0.9900144934654236,0.0,3.56177482931068,4,1.0,14.940810203552246,36.57916347736791,0.803034248769286,26.652271270751957,36.73299026489258,52.552329124499295,0.0,-0.576567864085106,0.13402061855670103,731.757410193617,0.7844292373472058,5.008405408137168
2026-04-13 13:07:24,2142,5,1,v8_7_phase_2_1_thrust_guard_v2,500,152.35555528817503,197,success,111.99224853515624,11.91715145111084,0.4062908589839935,38.872314453125,48.5619010925293,10.533073425292969,24.869190216064453,40.01850181883325,-35.91311075026495,-44.62133897974816,0.7658368357142473,0.9776626229286194,0.0,2.4020257491883026,5,1.0,11.91715145111084,40.01850181883325,0.7658368357142473,24.869190216064453,38.872314453125,53.68141474844801,0.0,-0.48648883448677316,0.2131979695431472,738.513337413492,0.7733784532394673,8.436961670249948
2026-04-13 13:07:27,2142,6,1,v8_7_phase_2_1_thrust_guard_v2,500,150.56690114870486,193,success,113.55579376220705,14.961737632751465,0.4062908589839935,36.69077682495117,48.5619010925293,12.70880126953125,27.928152084350582,32.61726785307241,-32.70844404830291,24.29014539625569,0.8422899835302875,0.9972965121269226,0.0,2.5175691353985625,6,1.0,14.961737632751465,32.61726785307241,0.8422899835302875,27.928152084350582,36.69077682495117,54.399979716195205,0.0,-0.615493296877206,0.12435233160621761,728.8380027342096,0.7801393841901806,7.114123479916934
2026-04-13 13:07:32,2143,7,1,v8_7_phase_2_1_thrust_guard_v2,500,163.4544657314238,192,success,113.7757797241211,14.725619316101074,0.4062908589839935,36.08138275146485,48.5619010925293,13.32196807861328,26.43636512756348,23.086172583331912,14.362171739507849,-16.73940200465786,0.9199161547999216,0.9841653108596802,0.0,0.3806921093272015,7,1.0,14.725619316101074,23.086172583331912,0.9199161547999216,26.43636512756348,36.08138275146485,49.751729724658055,0.0,-0.5492341466791307,0.171875,733.8074389990652,0.8513253423511656,4.657148270242534
2026-04-13 13:07:39,2143,8,1,v8_7_phase_2_1_thrust_guard_v2,500,-368.8419948805202,365,wrong_way,110.66937255859376,146.09664916992188,0.4062908589839935,40.56067657470703,48.5619010925293,9.506011962890623,-44.3756217956543,128.5512362556201,114.019407739771,154.8623816933165,-0.6232142282221237,-0.7731801271438599,0.0,2.226000933075058,8,0.0,20.118322372436523,87.73957871941913,0.0394415605398216,-0.2642624974250793,35.993614196777344,76.25058339511868,0.41643835616438357,-0.08115531461925743,0.46301369863013697,768.9133514035557,-1.0105260133712877,73.9254325708385
2026-04-13 13:07:44,2143,9,1,v8_7_phase_2_1_thrust_guard_v2,500,-129.92383541274526,220,near_miss,111.1816864013672,7.00970458984375,0.4062908589839935,47.110801696777344,48.5619010925293,2.3059310913085938,-7.515364646911621,76.95961409579306,-23.621379376504944,-26.867339694641583,0.2256377997092036,0.9434287548065186,0.0,1.057460374792935,9,0.0,6.77284574508667,66.89715401428766,0.3923828053284383,-0.190177172422409,45.84761428833008,55.011454629736456,0.004545454545454545,-0.4932305167175152,0.21818181818181817,738.0077112461863,-0.5905628882397513,8.89827931165816
2026-04-13 13:07:48,2143,10,1,v8_7_phase_2_1_thrust_guard_v2,500,171.9861700927309,187,success,107.01610565185548,14.805197715759276,0.4062908589839935,34.79758834838867,48.5619010925293,14.60186004638672,19.36257553100586,7.9638793363771,3.529031104985474,-7.403562206494165,0.990355610085871,0.9994878172874452,0.0,0.8742893134990628,10,1.0,14.805197715759276,7.9638793363771,0.990355610085871,19.36257553100586,34.79758834838867,45.683377649288246,0.0,-0.4872973312668622,0.19786096256684493,738.4527001549853,0.9197121395333202,3.2428209636007836
2026-04-13 13:07:53,2143,11,1,v8_7_phase_2_1_thrust_guard_v2,500,155.40155291694924,193,success,113.87994384765624,14.965662956237791,0.4062908589839935,36.75399398803711,48.5619010925293,12.650936126708984,26.706247329711918,32.494536183876455,6.685715301141348,20.419127146414503,0.8434426797181437,0.979206383228302,0.0,2.6157519596005634,11,1.0,14.965662956237791,32.494536183876455,0.8434426797181437,26.706247329711918,36.75399398803711,51.414348793584736,0.0,-0.5457210398708601,0.13471502590673576,734.0709220096855,0.8051893933520686,7.609009352710184
2026-04-13 13:07:57,2144,12,1,v8_7_phase_2_1_thrust_guard_v2,500,-142.2532641157605,198,near_miss,114.24827575683594,15.03508186340332,0.4062908589839935,39.43910598754883,48.5619010925293,10.013198852539062,19.917001724243164,76.02745036843723,-76.18899800268638,121.53011597754882,0.2414569998394755,0.8429700136184692,0.0,1.222889023822655,12,0.0,15.03508186340332,76.02745036843723,0.2414569998394755,19.917001724243164,39.43910598754883,58.14625981804526,0.005050505050505051,-0.22871645464740617,0.36363636363636365,757.8462659014446,-0.7184508288674772,22.019100831058317
2026-04-13 13:08:00,2144,13,1,v8_7_phase_2_1_thrust_guard_v2,500,164.87830974450875,187,success,110.61280822753906,14.778581619262695,0.4062908589839935,35.05096435546875,48.5619010925293,14.350513458251951,24.343992233276367,18.89388784814271,17.17223109236157,-32.48437627748606,0.946119908039122,0.9929999113082886,0.0,0.953264707164214,13,1.0,14.778581619262695,18.89388784814271,0.946119908039122,24.343992233276367,35.05096435546875,47.484628443983866,0.0,-0.4466194194756488,0.22994652406417113,741.5035435393263,0.8817021911471057,4.937105262314049
2026-04-13 13:08:03,2144,14,1,v8_7_phase_2_1_thrust_guard_v2,500,167.13678007472632,189,success,110.93408203125,14.733450889587402,0.4062908589839935,35.28116989135742,48.5619010925293,14.132572174072266,24.93556022644043,14.500124485269184,-3.355730209278621,-12.629027459316394,0.968147096380742,0.9518870115280152,0.0,0.4383897804899208,14,1.0,14.733450889587402,14.500124485269184,0.968147096380742,24.93556022644043,35.28116989135742,48.14320335289943,0.0,-0.5430560536564343,0.13756613756613756,734.2707959757674,0.8843215876969643,3.1950805405704354
2026-04-13 13:08:07,2144,15,1,v8_7_phase_2_1_thrust_guard_v2,500,143.39242315054148,193,success,113.94927978515624,14.616663932800291,0.4062908589839935,36.67265319824219,48.5619010925293,12.73053741455078,28.48527336120605,24.00048219619733,18.807904304228718,11.450062530264969,0.9135420345507448,0.9879053831100464,0.0,3.980902479083824,15,1.0,14.616663932800291,24.00048219619733,0.9135420345507448,28.48527336120605,36.67265319824219,52.6870036619372,0.0,-0.5712820394688474,0.14507772020725387,732.1538470398365,0.7429659230598006,6.21151344528269
2026-04-13 13:08:10,2144,16,1,v8_7_phase_2_1_thrust_guard_v2,500,-152.441093678102,192,near_miss,111.9233627319336,15.875762939453123,0.4062908589839935,36.80163192749024,48.5619010925293,12.674880981445312,16.19400978088379,76.22382513726427,-71.98554932329878,-178.41736821599434,0.238129613025935,0.7748560905456543,0.0,1.9012181108388555,16,0.0,15.875762939453123,76.22382513726427,0.238129613025935,16.19400978088379,36.80163192749024,55.69269514367077,0.005208333333333333,-0.2808868865443704,0.328125,753.9334835091722,-0.7939640295734479,18.288349464707515
2026-04-13 13:08:13,2144,17,1,v8_7_phase_2_1_thrust_guard_v2,500,157.39473049515243,192,success,113.65479278564452,14.70568561553955,0.4062908589839935,36.45457458496094,48.5619010925293,12.944793701171877,26.38087654113769,26.76166471535044,7.78981538047391,-9.602392199391677,0.8928872904041868,0.9993712902069092,0.0,2.800351397302087,17,1.0,14.70568561553955,26.76166471535044,0.8928872904041868,26.38087654113769,36.45457458496094,51.698522686720004,0.0,-0.6031561295045927,0.13541666666666666,729.7632902871555,0.8197642213289189,6.094732793451986
2026-04-13 13:08:16,2145,18,1,v8_7_phase_2_1_thrust_guard_v2,500,158.69498704934597,187,success,108.15428161621094,14.620328903198242,0.4062908589839935,35.01051330566406,48.5619010925293,14.391563415527344,21.90514373779297,15.289800221254792,15.235416547535856,30.40311859964021,0.964604377780664,0.991874635219574,0.0,3.791123495543328,18,1.0,14.620328903198242,15.289800221254792,0.964604377780664,21.90514373779297,35.01051330566406,47.8237077613554,0.0,-0.49171550528589575,0.17647058823529413,738.1213371035578,0.8486362943815295,4.352110977495751
2026-04-13 13:08:19,2145,19,1,v8_7_phase_2_1_thrust_guard_v2,500,-168.6255487151741,209,near_miss,114.97859954833984,4.698906898498535,0.4062908589839935,47.52180480957031,48.5619010925293,1.887786865234375,15.569221496582031,76.1614313591962,-75.02693010786791,-31.95053552214703,0.2391871223030113,0.9644705653190612,0.0,1.3590574983883512,19,0.0,4.698906898498535,76.1614313591962,0.2391871223030113,15.569221496582031,47.52180480957031,57.25943741640225,0.004784688995215311,-0.06309059389497033,0.44976076555023925,770.2682054578772,-0.8068208072496368,32.605090539697926
2026-04-13 13:08:23,2145,20,1,v8_7_phase_2_1_thrust_guard_v2,500,152.75098068771155,192,success,114.9243392944336,14.757635116577148,0.4062908589839935,37.46820831298828,48.5619010925293,11.934337615966797,29.18906784057617,30.11071820127196,20.169468364324903,9.868774699664051,0.8650575888710497,0.9898297786712646,0.0,1.306285938473882,20,1.0,14.757635116577148,30.11071820127196,0.8650575888710497,29.18906784057617,37.46820831298828,53.1765453586137,0.0,-0.5015565828313507,0.171875,737.3832562876487,0.7955780244151643,10.747995371552136
2026-04-13 13:08:26,2145,21,1,v8_7_phase_2_1_thrust_guard_v2,500,161.16579910991996,187,success,109.25823974609376,14.760686874389648,0.4062908589839935,34.89528274536133,48.5619010925293,14.505470275878906,22.196701049804688,11.828600151803537,8.578559649411458,-20.699332242019693,0.9787651891719632,0.9932449460029602,0.0,0.5581801090050985,21,1.0,14.760686874389648,11.828600151803537,0.9787651891719632,22.196701049804688,34.89528274536133,46.64289473195425,0.0,-0.4984666185446064,0.18181818181818182,737.6150036091545,0.8618491931011764,5.324305211685448
2026-04-13 13:08:29,2145,22,1,v8_7_phase_2_1_thrust_guard_v2,500,-162.07246123292856,216,near_miss,114.6175537109375,3.6014347076416016,0.4062908589839935,49.0158805847168,48.5619010925293,0.3836402893066406,4.703502178192139,80.6128978677253,71.0158400460754,9.122754117758578,0.1631038705911327,0.9974679946899414,0.0,0.1240494820382031,22,0.0,3.6014347076416016,80.6128978677253,0.1631038705911327,4.703502178192139,49.0158805847168,56.71603889045156,0.004629629629629629,-0.24244935847646384,0.37037037037037035,756.8162981142652,-0.7503354686709656,32.60127177444439
2026-04-13 13:08:32,2145,23,1,v8_7_phase_2_1_thrust_guard_v2,500,166.40920327747077,188,success,110.5268783569336,14.728072166442873,0.4062908589839935,35.44424057006836,48.5619010925293,13.960243225097656,23.566181182861328,8.305862639251407,0.918984237022056,3.979468847256298,0.989511013022046,0.9806625843048096,0.0,2.633165587473929,23,1.0,14.728072166442873,8.305862639251407,0.989511013022046,23.566181182861328,35.44424057006836,47.42375758980579,0.0,-0.524002248941465,0.16489361702127658,735.6998313293901,0.8851553365822915,6.10229457014134
2026-04-13 13:08:36,2146,24,1,v8_7_phase_2_1_thrust_guard_v2,500,154.58236973573366,192,success,113.5835952758789,14.659761428833008,0.4062908589839935,37.17227935791016,48.5619010925293,12.22711181640625,26.69317626953125,33.732330386022845,-30.763250568912884,24.87303203247729,0.8316409066992168,0.9997130632400512,0.0,2.513342642793708,24,1.0,14.659761428833008,33.732330386022845,0.8316409066992168,26.69317626953125,37.17227935791016,54.00014484772472,0.0,-0.5872493685553005,0.11979166666666667,730.9562973583525,0.8051165090402795,9.30040498116363
2026-04-13 13:08:39,2146,25,1,v8_7_phase_2_1_thrust_guard_v2,500,163.35475386746228,188,success,107.6218032836914,14.619690895080566,0.4062908589839935,35.11095428466797,48.5619010925293,14.29120635986328,20.021581649780277,14.852966935150164,3.9844279914805503,22.39769293008921,0.9665868293429294,0.9885717034339904,0.0,2.939963028093495,25,1.0,14.619690895080566,14.852966935150164,0.9665868293429294,20.021581649780277,35.11095428466797,45.6023861893398,0.0,-0.46519135038784526,0.19680851063829788,740.1106487209116,0.8689082652524589,2.9415125664348905
2026-04-13 13:08:42,2146,26,1,v8_7_phase_2_1_thrust_guard_v2,500,149.19686155491434,194,success,113.21379852294922,14.717053413391112,0.4062908589839935,36.35444641113281,48.5619010925293,13.048355102539062,27.19412422180176,22.167365290898044,-16.04770703986338,-9.692293710568324,0.9260856463464386,0.991451621055603,0.0,4.835684230424926,26,1.0,14.717053413391112,22.167365290898044,0.9260856463464386,27.19412422180176,36.35444641113281,52.43727217623992,0.0,-0.598240560113894,0.13402061855670103,730.131957991458,0.7690559873964656,5.330936655891905
2026-04-13 13:08:45,2146,27,1,v8_7_phase_2_1_thrust_guard_v2,500,152.75814418613822,190,success,110.00755310058594,14.890575408935549,0.4062908589839935,35.64643096923828,48.5619010925293,13.757667541503906,25.659818649291992,19.840861133166424,-20.096482670401443,15.503118981865336,0.9406389549302806,0.9876424074172974,0.0,4.203366854496816,27,1.0,14.890575408935549,19.840861133166424,0.9406389549302806,25.659818649291992,35.64643096923828,50.731822030967656,0.0,-0.5534212638072572,0.19473684210526315,733.4934052144557,0.8039902325586222,6.459507442930861
2026-04-13 13:08:48,2146,28,1,v8_7_phase_2_1_thrust_guard_v2,500,149.47189379650732,193,success,115.2432632446289,14.47209930419922,0.4062908589839935,36.995941162109375,48.5619010925293,12.406230926513672,28.937131881713867,23.009121219305,14.873230398870298,1.683099697586185,0.9204426392258522,0.9901352524757384,0.0,1.4337436805241923,28,1.0,14.47209930419922,23.009121219305,0.9204426392258522,28.937131881713867,36.995941162109375,52.43265284069925,0.0,-0.5789559996277311,0.15025906735751296,731.5783000279201,0.7744657709663592,7.516082008219073
2026-04-13 13:08:51,2146,29,1,v8_7_phase_2_1_thrust_guard_v2,500,154.50210820037825,193,success,111.71328735351562,14.787403106689451,0.4062908589839935,35.86387634277344,48.5619010925293,13.536148071289062,23.208232879638672,23.834648618244007,-23.25121556688881,-21.715900032043955,0.914715463620038,0.9976059198379515,0.0,1.795589333103475,29,1.0,14.787403106689451,23.834648618244007,0.914715463620038,23.208232879638672,35.86387634277344,51.01748201436002,0.0,-0.5979976444963578,0.13471502590673576,730.1501766627732,0.8005290580330479,3.242748867637282
2026-04-13 13:08:54,2146,30,1,v8_7_phase_2_1_thrust_guard_v2,500,168.2219889576544,188,success,107.70684814453124,14.658205032348633,0.4062908589839935,34.85527038574219,48.5619010925293,14.548725128173828,20.551204681396484,13.556676431630844,4.71683771391748,26.408292925808784,0.9721385228056924,0.985142171382904,0.0,2.897394109084324,30,1.0,14.658205032348633,13.556676431630844,0.9721385228056924,20.551204681396484,34.85527038574219,47.8948947244461,0.0,-0.5507740252998043,0.18617021276595744,733.6919481025146,0.8947978136045446,4.918111377947312
2026-04-13 13:08:58,2147,31,1,v8_7_phase_2_1_thrust_guard_v2,500,160.81823621001132,190,success,114.0472412109375,14.832489013671877,0.4062908589839935,36.26431655883789,48.5619010925293,13.143733978271484,28.666481018066406,13.845391942941868,12.191635805247117,-0.5411614908296638,0.9709449996928132,0.9712145328521729,0.0,1.011344310191976,31,1.0,14.832489013671877,13.845391942941868,0.9709449996928132,28.666481018066406,36.26431655883789,50.722194057013695,0.0,-0.4908285223682852,0.2,738.1878608223786,0.8464117695263754,9.271448134591212
2026-04-13 13:09:01,2147,32,1,v8_7_phase_2_1_thrust_guard_v2,500,152.88912685394735,187,success,108.69075012207033,14.583515167236328,0.4062908589839935,35.093318939208984,48.5619010925293,14.31240463256836,21.489051818847656,21.153789123730245,21.155151746469663,-43.18884340512139,0.9326151597149668,0.9844067692756652,0.0,1.9476394996695832,32,1.0,14.583515167236328,21.153789123730245,0.9326151597149668,21.489051818847656,35.093318939208984,47.4146260725934,0.0,-0.5036637438411381,0.15508021390374332,737.2252192119147,0.8175889136574725,5.102057854840656
2026-04-13 13:09:04,2147,33,1,v8_7_phase_2_1_thrust_guard_v2,500,172.03247492479235,186,success,108.25130462646484,14.868804931640623,0.4062908589839935,34.78557586669922,48.5619010925293,14.614376068115234,20.079195022583008,13.96044733328438,2.235371291513668,37.558028623173705,0.9704624996207712,0.9978985786437988,0.0,3.1263612132968346,33,1.0,14.868804931640623,13.96044733328438,0.9704624996207712,20.079195022583008,34.78557586669922,46.16947415540053,0.0,-0.48884136535687955,0.1935483870967742,738.336897598234,0.9249057791655506,4.308618357316716
2026-04-13 13:09:07,2147,34,1,v8_7_phase_2_1_thrust_guard_v2,500,157.71160735864595,188,success,107.5315933227539,14.842692375183104,0.4062908589839935,34.78514862060547,48.5619010925293,14.618331909179688,19.255460739135746,6.483254406877007,3.045875475929819,-10.155529092909635,0.9936048986615288,0.9919354319572448,0.0,5.353683292203519,34,1.0,14.842692375183104,6.483254406877007,0.9936048986615288,19.255460739135746,34.78514862060547,46.683022087026046,0.0,-0.5164465976760109,0.19680851063829788,736.2665051742991,0.8388915285034358,3.7541275231914693
2026-04-13 13:09:10,2147,35,1,v8_7_phase_2_1_thrust_guard_v2,500,154.34273713924455,189,success,112.198486328125,14.995172500610352,0.4062908589839935,35.33353042602539,48.5619010925293,14.06766128540039,26.258642196655277,23.042927240601976,15.941765683194603,-27.650726533948905,0.9202118508895344,0.99449360370636,0.0,2.271642458570049,35,1.0,14.995172500610352,23.042927240601976,0.9202118508895344,26.258642196655277,35.33353042602539,49.99119682580453,0.0,-0.5300632991320479,0.164021164021164,735.2452525650964,0.8166282388319818,5.688558630193436
2026-04-13 13:09:13,2147,36,1,v8_7_phase_2_1_thrust_guard_v2,500,161.93885142515057,186,success,106.83455657958984,14.641165733337402,0.4062908589839935,34.90689849853516,48.5619010925293,14.493656158447266,20.142438888549805,10.842425849812184,8.539390222068729,-31.760174734884192,0.9821482310630588,0.9978244304656982,0.0,2.2182312647974327,36,1.0,14.641165733337402,10.842425849812184,0.9821482310630588,20.142438888549805,34.90689849853516,46.16223681718524,0.0,-0.4999747969440475,0.1774193548387097,737.5018902291964,0.8706389861567236,5.6756251427273225
2026-04-13 13:09:17,2148,37,1,v8_7_phase_2_1_thrust_guard_v2,500,151.31402999244918,196,success,113.66918182373048,13.771172523498535,0.4062908589839935,37.40771865844727,48.5619010925293,11.996559143066406,25.87936019897461,40.03868502783064,-30.764739550151948,44.332415147667454,0.7656102704940094,0.9828120470046996,0.0,3.3347092536331435,37,1.0,13.771172523498535,40.03868502783064,0.7656102704940094,25.87936019897461,37.40771865844727,54.34153781149752,0.0,-0.645155974207636,0.10714285714285714,726.6133019344273,0.7720103571043325,4.99148626401461
2026-04-13 13:09:20,2148,38,1,v8_7_phase_2_1_thrust_guard_v2,500,157.9270460686387,185,success,107.23912811279295,14.97828483581543,0.4062908589839935,34.52131652832031,48.5619010925293,14.881423950195312,20.7119197845459,12.097988789084363,7.570330666590135,35.52745777915852,0.977790594239917,0.994010865688324,0.0,3.341741942936853,38,1.0,14.97828483581543,12.097988789084363,0.977790594239917,20.7119197845459,34.52131652832031,46.41882292659727,0.0,-0.4876254465833709,0.1837837837837838,738.4280915062471,0.8536597084791281,5.10934618661422
2026-04-13 13:09:23,2148,39,1,v8_7_phase_2_1_thrust_guard_v2,500,157.12856059431314,195,success,115.76001739501952,14.911735534667969,0.4062908589839935,37.029632568359375,48.5619010925293,12.370540618896484,28.821365356445312,31.25526666086934,-30.383922352977887,2.369352709159461,0.8548641811262506,0.998866081237793,0.0,3.06801047204618,39,1.0,14.911735534667969,31.25526666086934,0.8548641811262506,28.821365356445312,37.029632568359375,54.31088899894856,0.0,-0.6568587486321728,0.1076923076923077,725.735593852587,0.8057874902272469,5.034045893704403
2026-04-13 13:09:26,2148,40,1,v8_7_phase_2_1_thrust_guard_v2,500,168.02835407461112,191,success,108.60235595703124,14.712038040161133,0.4062908589839935,35.8846549987793,48.5619010925293,13.51923370361328,15.106528282165527,24.30597948229908,-8.855433320248974,21.21760016605109,0.9113603253533364,0.9851891398429872,0.0,0.7501499508732513,40,1.0,14.712038040161133,24.30597948229908,0.9113603253533364,15.106528282165527,35.8846549987793,46.72016877646009,0.0,-0.49237565243499676,0.18848167539267016,738.0718260673752,0.8797296024848751,2.3401709483271373
2026-04-13 13:09:29,2148,41,1,v8_7_phase_2_1_thrust_guard_v2,500,156.69526838063408,189,success,109.17211151123048,14.916784286499023,0.4062908589839935,35.01749420166016,48.5619010925293,14.38800811767578,22.77871322631836,23.3439883188378,-21.30458774777308,-31.36174931002984,0.9181424341965806,0.9819204807281494,0.0,4.140809425158318,41,1.0,14.916784286499023,23.3439883188378,0.9181424341965806,22.77871322631836,35.01749420166016,49.21551445795026,0.0,-0.5760620986037548,0.13756613756613756,731.7953426047184,0.829075494077429,3.5063303004795667
2026-04-13 13:09:32,2148,42,1,v8_7_phase_2_1_thrust_guard_v2,500,155.14465569294606,188,success,109.15708923339844,14.972983360290527,0.4062908589839935,35.05687713623047,48.5619010925293,14.342605590820312,21.99447631835937,15.25550754897945,13.212743963522144,-5.663433204102724,0.9647620355319784,0.9996288418769836,0.0,4.642827015410194,42,1.0,14.972983360290527,15.25550754897945,0.9647620355319784,21.99447631835937,35.05687713623047,47.81129989387113,0.0,-0.48867220476274675,0.2074468085106383,738.349584642794,0.8252375302816279,3.9049724847948486
2026-04-13 13:09:36,2149,43,1,v8_7_phase_2_1_thrust_guard_v2,500,160.0012275524778,189,success,107.16509246826172,14.768823623657228,0.4062908589839935,35.51406478881836,48.5619010925293,13.885597229003906,22.449634552001957,20.156299759605123,-17.780109390756245,21.617480421198657,0.938756113211143,0.9966410398483276,0.0,0.6489471929380309,43,1.0,14.768823623657228,20.156299759605123,0.938756113211143,22.449634552001957,35.51406478881836,50.26037804126252,0.0,-0.5533307796620108,0.13227513227513227,733.5001915253492,0.8465673415475015,5.608896358561999
2026-04-13 13:09:39,2149,44,1,v8_7_phase_2_1_thrust_guard_v2,500,147.7929274904676,187,success,108.10448455810548,14.876452445983888,0.4062908589839935,35.66438293457031,48.5619010925293,13.73602294921875,23.30941200256348,25.1353061739639,-11.49536546748237,-31.08380842213451,0.9053072316048996,0.9973937273025512,0.0,2.5920333213799607,44,1.0,14.876452445983888,25.1353061739639,0.9053072316048996,23.30941200256348,35.66438293457031,50.04427189558351,0.0,-0.5109235463056335,0.17647058823529413,736.6807340270775,0.790336510644212,7.1777140438280895
2026-04-13 13:09:42,2149,45,1,v8_7_phase_2_1_thrust_guard_v2,500,162.9853416501087,190,success,108.04851531982422,14.902399063110352,0.4062908589839935,34.59479522705078,48.5619010925293,14.805679321289062,20.748519897460938,10.484039847646091,-1.094142837461446,31.428500748788373,0.9833056324350238,0.9958277940750122,0.0,1.5568968454504744,45,1.0,14.902399063110352,10.484039847646091,0.9833056324350238,20.748519897460938,34.59479522705078,46.82985304402174,0.0,-0.6071459249838402,0.12105263157894737,729.464055626212,0.857817587632151,2.2120994031674828
2026-04-13 13:09:45,2149,46,1,v8_7_phase_2_1_thrust_guard_v2,500,146.34251248703842,193,success,112.14094543457033,14.57928466796875,0.4062908589839935,36.63972473144531,48.5619010925293,12.764728546142578,24.28716087341309,39.327546222016416,-39.22221445973107,-37.89407051524375,0.7735356083444279,0.9800211191177368,0.0,1.7590206566154682,46,1.0,14.57928466796875,39.327546222016416,0.7735356083444279,24.28716087341309,36.63972473144531,54.060611840505594,0.0,-0.6271561760650803,0.13989637305699482,727.963286795119,0.7582513600364686,6.668458249124492
2026-04-13 13:09:48,2149,47,1,v8_7_phase_2_1_thrust_guard_v2,500,163.3622151013455,189,success,108.46448516845705,14.791324615478516,0.4062908589839935,34.98915481567383,48.5619010925293,14.417560577392578,17.64255714416504,24.51006724224635,-4.4377374014105415,-36.45273667583098,0.9098883925222916,0.9753269553184508,0.0,3.2919476001894954,47,1.0,14.791324615478516,24.51006724224635,0.9098883925222916,17.64255714416504,34.98915481567383,45.091495069335274,0.0,-0.4779915940459995,0.23809523809523808,739.15063044655,0.8643503444515634,4.289210793249499
2026-04-13 13:09:51,2149,48,1,v8_7_phase_2_1_thrust_guard_v2,500,157.04145333346685,187,success,107.7167510986328,14.953243255615234,0.4062908589839935,34.5495719909668,48.5619010925293,14.850326538085938,20.830278396606445,6.754937560832135,4.674830342974609,20.73924103734008,0.993058324283186,0.999469518661499,0.0,5.449525473338678,48,1.0,14.953243255615234,6.754937560832135,0.993058324283186,20.830278396606445,34.5495719909668,46.50571158323641,0.0,-0.5267497212526433,0.18716577540106952,735.4937709060517,0.8397938680934056,2.9237646411674687
2026-04-13 13:09:54,2149,49,1,v8_7_phase_2_1_thrust_guard_v2,500,158.1594064068052,189,success,106.78214263916016,14.650257110595703,0.4062908589839935,34.855003356933594,48.5619010925293,14.54961395263672,20.94526481628418,15.968835430422656,-10.165562640800385,-35.14720407259099,0.9614114796038642,0.9841866493225098,0.0,4.077794548439931,49,1.0,14.650257110595703,15.968835430422656,0.9614114796038642,20.94526481628418,34.855003356933594,47.39402706097386,0.0,-0.5144338120839426,0.15343915343915343,736.4174640937043,0.8368222561206624,4.0985055193208835
2026-04-13 13:09:58,2150,50,1,v8_7_phase_2_1_thrust_guard_v2,500,156.40558396903913,188,success,108.30046844482422,14.703088760375977,0.4062908589839935,34.4332160949707,48.5619010925293,14.538116455078123,21.699764251708984,10.877825866506717,-9.45883016077447,22.836445499350614,0.982031821293882,0.993577003479004,0.0,5.236689732790039,50,1.0,14.703088760375977,10.877825866506717,0.982031821293882,21.699764251708984,34.4332160949707,47.82507255252834,0.0,-0.5586917312565617,0.18085106382978725,733.0981201557579,0.8319445955799953,4.215908133603309
2026-04-13 13:10:01,2150,51,1,v8_7_phase_2_1_thrust_guard_v2,500,154.6224309972834,190,success,110.81139373779295,14.686284065246582,0.4062908589839935,35.4194221496582,48.5619010925293,13.980484008789062,22.655841827392575,20.060193875341163,17.560049233434896,36.88317519732518,0.9393327823010976,0.9989845752716064,0.0,4.050180784012361,51,1.0,14.686284065246582,20.060193875341163,0.9393327823010976,22.655841827392575,35.4194221496582,48.46904929891759,0.0,-0.563755954968694,0.16842105263157894,732.718303377348,0.8138022684067548,4.209311780728737
2026-04-13 13:10:04,2150,52,1,v8_7_phase_2_1_thrust_guard_v2,500,144.1204829146041,196,success,113.55226135253906,14.550113677978516,0.4062908589839935,36.5730094909668,48.5619010925293,12.829544067382812,24.235979080200195,34.90997452724352,-29.206428475918955,-33.10176732184727,0.8200522595198707,0.9873144030570984,0.0,2.9921957232094454,52,1.0,14.550113677978516,34.90997452724352,0.8200522595198707,24.235979080200195,36.5730094909668,53.70601061113545,0.0,-0.6953005110613327,0.08163265306122448,722.8524616704001,0.7353085862990008,2.6421936190371142
2026-04-13 13:10:07,2150,53,1,v8_7_phase_2_1_thrust_guard_v2,500,154.67500309529512,192,success,109.88330841064452,14.59057903289795,0.4062908589839935,35.88687896728516,48.5619010925293,13.51457977294922,21.83125114440918,24.740169485194908,-16.616832552454692,-26.510211301056422,0.9082149919396862,0.9934110045433044,0.0,1.960367112356088,53,1.0,14.59057903289795,24.740169485194908,0.9082149919396862,21.83125114440918,35.88687896728516,49.29322537778836,0.0,-0.5548080214600001,0.140625,733.3893983905,0.8055989744546621,3.7071124374378135
2026-04-13 13:10:11,2150,54,1,v8_7_phase_2_1_thrust_guard_v2,500,162.61949060968624,193,success,111.68230438232422,14.836067199707031,0.4062908589839935,36.13077163696289,48.5619010925293,13.270401000976562,24.61301040649414,32.90578187380292,-21.69054807739216,35.48893551223965,0.8395650470402064,0.9910807609558104,0.0,2.362139102300153,54,1.0,14.836067199707031,32.90578187380292,0.8395650470402064,24.61301040649414,36.13077163696289,51.9683135865414,0.0,-0.6335370022552619,0.11398963730569948,727.4847248308554,0.842588034247079,4.586546779822534
2026-04-13 13:10:14,2150,55,1,v8_7_phase_2_1_thrust_guard_v2,500,166.9823400197872,185,success,107.4140853881836,14.846515655517578,0.4062908589839935,34.68578338623047,48.5619010925293,14.714004516601562,21.440170288085938,8.52184688118555,5.151835386682667,20.45274362996201,0.9889594317372824,0.9961962103843688,0.0,0.0358748304483027,55,1.0,14.846515655517578,8.52184688118555,0.9889594317372824,21.440170288085938,34.68578338623047,45.99578863475288,0.0,-0.4853779466268984,0.23243243243243245,738.5966540029826,0.9026072433502008,7.182130475467763
2026-04-13 13:10:17,2151,56,1,v8_7_phase_2_1_thrust_guard_v2,500,163.17397561195892,187,success,107.07718658447266,14.902928352355955,0.4062908589839935,35.0333366394043,48.5619010925293,14.366436004638672,19.398012161254883,18.27481828479297,-17.306305998221628,-29.986316550823936,0.9495633868308788,0.9965124130249025,0.0,2.483718307869499,56,1.0,14.902928352355955,18.27481828479297,0.9495633868308788,19.398012161254883,35.0333366394043,48.047937676114884,0.0,-0.5080072262030553,0.1925133689839572,736.8994580347709,0.8725881048767857,4.557323925709688
2026-04-13 13:10:20,2151,57,1,v8_7_phase_2_1_thrust_guard_v2,500,161.52030496696418,189,success,106.92062377929688,14.690306663513184,0.4062908589839935,34.80495834350586,48.5619010925293,14.603702545166016,15.969802856445312,8.345179769434939,-7.614787514124102,6.750748093549979,0.9894116514202388,0.97274649143219,0.0,1.999864652988053,57,1.0,14.690306663513184,8.345179769434939,0.9894116514202388,15.969802856445312,34.80495834350586,45.1816943397177,0.0,-0.5477060167483552,0.1746031746031746,733.9220487438733,0.8546047881849956,1.2219956748701897
2026-04-13 13:10:23,2151,58,1,v8_7_phase_2_1_thrust_guard_v2,500,160.59218138726877,189,success,111.6904525756836,14.822385787963867,0.4062908589839935,35.23347854614258,48.5619010925293,14.170406341552734,24.594297409057617,24.00470496065169,10.979600807781782,31.771827037608237,0.9135120545474172,0.9861878156661988,0.0,0.7934501505260169,58,1.0,14.822385787963867,24.00470496065169,0.9135120545474172,24.594297409057617,35.23347854614258,50.45434994773262,0.0,-0.5277426413804903,0.15343915343915343,735.4193018964633,0.8496940814141206,4.3766877544102805
2026-04-13 13:10:26,2151,59,1,v8_7_phase_2_1_thrust_guard_v2,500,153.35641453686583,189,success,107.51080322265624,14.65621280670166,0.4062908589839935,35.14602279663086,48.5619010925293,14.256988525390623,23.07982063293457,7.544520235490303,-5.114466567959881,6.497566641395946,0.991343140008554,0.991908311843872,0.0,3.487650249639008,59,1.0,14.65621280670166,7.544520235490303,0.991343140008554,23.07982063293457,35.14602279663086,48.47748416742455,0.0,-0.5389842644097314,0.17989417989417988,734.5761801692702,0.8114096007241582,3.9310270275831467
2026-04-13 13:10:29,2151,60,1,v8_7_phase_2_1_thrust_guard_v2,500,161.21038380342532,192,success,110.49099731445312,14.597855567932127,0.4062908589839935,35.90923309326172,48.5619010925293,13.491325378417969,22.581592559814453,23.975633967996824,-4.765386698537931,-24.676896320271204,0.913718346897822,0.994943141937256,0.0,1.31099494214706,60,1.0,14.597855567932127,23.975633967996824,0.913718346897822,22.581592559814453,35.90923309326172,49.20000931276703,0.0,-0.550575554613412,0.16666666666666666,733.7068334039941,0.8396374156428402,3.1711033559687394
2026-04-13 13:10:33,2151,61,1,v8_7_phase_2_1_thrust_guard_v2,500,157.09130764460198,194,success,111.13843536376952,14.776473999023438,0.4062908589839935,35.85503005981445,48.5619010925293,13.552082061767578,26.110370635986328,16.240890402800726,-7.706781624507711,10.00177470450348,0.9600943329560048,0.9790383577346802,0.0,3.6151607941689496,61,1.0,14.776473999023438,16.240890402800726,0.9600943329560048,26.110370635986328,35.85503005981445,51.819145759913795,0.0,-0.5985660240937447,0.15463917525773196,730.1075481929691,0.8097490084773298,4.274601040823302
2026-04-13 13:10:36,2152,62,1,v8_7_phase_2_1_thrust_guard_v2,500,161.9932517081667,193,success,111.710205078125,14.829936027526855,0.4062908589839935,36.03390502929688,48.5619010925293,13.37246322631836,23.18838882446289,29.74477032592102,-28.935437305504117,24.01484608402187,0.8682441030495363,0.9742790460586548,0.0,2.187598034656946,62,1.0,14.829936027526855,29.74477032592102,0.8682441030495363,23.18838882446289,36.03390502929688,52.08555141254273,0.0,-0.6211094357353186,0.13989637305699482,728.4167923198511,0.8393432730993093,4.789083626804768
2026-04-13 13:10:39,2152,63,1,v8_7_phase_2_1_thrust_guard_v2,500,174.5368339134757,190,success,110.27619171142578,14.87331771850586,0.4062908589839935,35.115196228027344,48.5619010925293,14.291744232177734,16.54925537109375,9.74695229940135,-8.40377766987177,-9.402128491605964,0.9855650657720436,0.9725385308265686,0.0,2.228055654603926,63,1.0,14.87331771850586,9.74695229940135,0.9855650657720436,16.54925537109375,35.115196228027344,43.5949922259006,0.0,-0.52394882289656,0.1631578947368421,735.703838282758,0.9186149153340827,3.7275736698298787
2026-04-13 13:10:42,2152,64,1,v8_7_phase_2_1_thrust_guard_v2,500,154.75637452120102,189,success,111.60362243652344,14.866134643554688,0.4062908589839935,35.0325813293457,48.5619010925293,14.375213623046877,23.50655746459961,12.332494796500288,9.584701155667696,13.333132024059145,0.976924599002316,0.9760383367538452,0.0,1.8167553704893795,64,1.0,14.866134643554688,12.332494796500288,0.976924599002316,23.50655746459961,35.0325813293457,49.00787401034131,0.0,-0.5535945444190431,0.164021164021164,733.4804091685718,0.8188167964084708,3.4430079690265605
2026-04-13 13:10:46,2152,65,1,v8_7_phase_2_1_thrust_guard_v2,500,165.6008908778984,194,success,115.82938385009766,14.584790229797363,0.4062908589839935,36.07403564453125,48.5619010925293,13.33599853515625,27.056833267211918,15.67878803222348,14.247825835065374,-10.209253653373665,0.9627918617895436,0.9645766615867616,0.0,0.7683025274748977,65,1.0,14.584790229797363,15.67878803222348,0.9627918617895436,27.056833267211918,36.07403564453125,49.14532707260697,0.0,-0.6119661879216888,0.1134020618556701,729.1025359058733,0.8536128395767958,6.271898740543764
2026-04-13 13:10:49,2152,66,1,v8_7_phase_2_1_thrust_guard_v2,500,157.4581220559062,190,success,108.07826232910156,14.863143920898438,0.4062908589839935,35.364105224609375,48.5619010925293,14.039989471435549,22.61983299255371,26.12894501894443,-23.75185135757782,-33.585515469813416,0.8978052101181881,0.9879794716835022,0.0,1.7360570487146283,66,1.0,14.863143920898438,26.12894501894443,0.8978052101181881,22.61983299255371,35.364105224609375,49.173901625581,0.0,-0.521701055294589,0.16842105263157894,735.8724208529059,0.8287269581889801,5.102238005701516
2026-04-13 13:10:52,2152,67,1,v8_7_phase_2_1_thrust_guard_v2,500,157.63412026423106,190,success,109.30120849609376,14.607431411743164,0.4062908589839935,35.179222106933594,48.5619010925293,14.220630645751951,21.637739181518555,14.79947630866521,14.619398371197825,43.58839239609421,0.9668257233735676,0.999614119529724,0.0,4.670594486548311,67,1.0,14.607431411743164,14.79947630866521,0.9668257233735676,21.637739181518555,35.179222106933594,48.27408555730217,0.0,-0.6174322249710952,0.12105263157894737,728.6925831271678,0.8296532645485847,3.9951557101454083
2026-04-13 13:10:55,2152,68,1,v8_7_phase_2_1_thrust_guard_v2,500,162.65975576509808,190,success,110.13396453857422,14.643360137939451,0.4062908589839935,34.93608093261719,48.5619010925293,14.466754913330078,21.93788719177246,15.488357235521647,15.50079501000024,36.66265229468756,0.9636847373735032,0.9919883608818054,0.0,4.360106664916425,68,1.0,14.643360137939451,15.488357235521647,0.9636847373735032,21.93788719177246,34.93608093261719,47.30500365092823,0.0,-0.5811314663083881,0.14736842105263157,731.4151400268709,0.8561039777110425,3.829118661767592
2026-04-13 13:10:59,2153,69,1,v8_7_phase_2_1_thrust_guard_v2,500,166.19163185692898,191,success,111.65435028076172,14.565910339355469,0.4062908589839935,35.16453170776367,48.5619010925293,14.238269805908203,23.318195343017575,6.46771999538346,6.176602391918707,-7.922929790981935,0.9936354758140392,0.9870452880859376,0.0,0.9130745444557696,69,1.0,14.565910339355469,6.46771999538346,0.9936354758140392,23.318195343017575,35.16453170776367,47.1758360924051,0.0,-0.566644681247039,0.14659685863874344,732.501648906472,0.8701132557954396,2.435358872883485
2026-04-13 13:11:02,2153,70,1,v8_7_phase_2_1_thrust_guard_v2,500,153.8529044762098,191,success,112.43303680419922,14.610433578491213,0.4062908589839935,35.861663818359375,48.5619010925293,13.54098892211914,25.4272575378418,13.403890222539538,10.623138357640697,-1.887715943420488,0.9727601409352588,0.9882876873016356,0.0,3.31818019550868,70,1.0,14.610433578491213,13.403890222539538,0.9727601409352588,25.4272575378418,35.861663818359375,49.95788115394187,0.0,-0.6059808546984422,0.10471204188481675,729.5514358976168,0.8055125888806796,4.786414078997117
2026-04-13 13:11:05,2153,71,1,v8_7_phase_2_1_thrust_guard_v2,500,157.73316743455229,191,success,113.04969787597656,14.707123756408691,0.4062908589839935,35.33447265625,48.5619010925293,14.066211700439451,23.202693939208984,21.047429417974808,10.405560974082643,32.35971507984957,0.933283449850576,0.9950602650642396,0.0,3.380178473418917,71,1.0,14.707123756408691,21.047429417974808,0.933283449850576,23.202693939208984,35.33447265625,49.29715767746879,0.0,-0.5731222122049456,0.14659685863874344,732.0158340846291,0.8258281017515828,3.531884640364956
2026-04-13 13:11:08,2153,72,1,v8_7_phase_2_1_thrust_guard_v2,500,155.26235630905896,191,success,108.73757934570312,14.569779396057127,0.4062908589839935,35.44424819946289,48.5619010925293,13.958553314208984,21.72854423522949,19.92098949741443,-12.155698764929094,25.19966704651293,0.9401633706911198,0.9894514679908752,0.0,4.096820306827811,72,1.0,14.569779396057127,19.92098949741443,0.9401633706911198,21.72854423522949,35.44424819946289,48.42970225042576,0.0,-0.5776085829001447,0.15706806282722513,731.6793562824892,0.8128919178484764,3.4930424580829103
2026-04-13 13:11:12,2153,73,1,v8_7_phase_2_1_thrust_guard_v2,500,-128.86664103262237,205,near_miss,108.64579010009766,14.535811424255373,0.4062908589839935,40.96979522705078,48.5619010925293,8.479949951171875,-7.656332015991211,76.38432092238124,-79.99469744594744,-103.21043530273992,0.2354080829080278,0.8492393493652344,0.0,0.7747025165546173,73,0.0,14.151778221130373,66.77918298694321,0.3942758288139658,0.2697038650512695,39.0324821472168,50.39982333447841,0.004878048780487805,-0.4010734314189815,0.23414634146341465,744.9194926435764,-0.6286177611347432,6.544470378262284
2026-04-13 13:11:15,2153,74,1,v8_7_phase_2_1_thrust_guard_v2,500,149.42078434219374,196,success,115.00176239013672,14.533790588378906,0.4062908589839935,35.994384765625,48.5619010925293,13.418498992919922,24.68708610534668,37.40276476296098,-19.601959899019597,35.64243376855193,0.7943853111651523,0.9566470980644226,0.0,3.0490953514749606,74,1.0,14.533790588378906,37.40276476296098,0.7943853111651523,24.68708610534668,35.994384765625,52.01332162851774,0.0,-0.7285985734826904,0.07653061224489796,720.3551069887982,0.7623509405213966,3.66545759692519
2026-04-13 13:11:18,2154,75,1,v8_7_phase_2_1_thrust_guard_v2,500,159.16354258878522,189,success,110.59601593017578,14.634800910949709,0.4062908589839935,35.05658721923828,48.5619010925293,14.342670440673828,22.012439727783203,11.240061534043756,1.6505493638794313,-19.50796454320917,0.9808191058112244,0.9995858669281006,0.0,1.607357474441046,75,1.0,14.634800910949709,11.240061534043756,0.9808191058112244,22.012439727783203,35.05658721923828,47.570253733938706,0.0,-0.5425694179795091,0.1746031746031746,734.3072936515368,0.8421351459724086,4.049984744458236
2026-04-13 13:11:21,2154,76,1,v8_7_phase_2_1_thrust_guard_v2,500,144.5775320331321,197,success,114.7893295288086,14.501991271972656,0.4062908589839935,36.2746696472168,48.5619010925293,13.12749481201172,26.49632453918457,19.30986002897483,-7.799233357565711,-2.2320255660374198,0.9437440593962866,0.9946496486663818,0.0,3.701605279408898,76,1.0,14.501991271972656,19.30986002897483,0.9437440593962866,26.49632453918457,36.2746696472168,52.94414084785294,0.0,-0.7216962941373855,0.07106598984771574,720.8727779396961,0.7338961016910257,2.248261491124551
2026-04-13 13:11:25,2154,77,1,v8_7_phase_2_1_thrust_guard_v2,500,143.40772922774244,194,success,111.35423278808594,14.53737449645996,0.4062908589839935,35.76166534423828,48.5619010925293,13.638473510742188,24.511045455932617,23.389718142878326,-16.296004906760853,36.49185999939681,0.9178258799928464,0.9979395270347596,0.0,2.406154920142836,77,1.0,14.53737449645996,23.389718142878326,0.9178258799928464,24.511045455932617,35.76166534423828,51.719336311193885,0.0,-0.6519902289422593,0.10309278350515463,726.1007328293306,0.7392150991120744,3.3792876279025164
2026-04-13 13:11:28,2154,78,1,v8_7_phase_2_1_thrust_guard_v2,500,175.32186734037555,193,success,111.0147705078125,14.806368827819824,0.4062908589839935,35.86939239501953,48.5619010925293,13.53487777709961,14.265691757202148,15.292441796916291,-12.472372801833918,-7.002793599867674,0.9645922190182904,0.982710599899292,0.0,2.775231483393896,78,1.0,14.806368827819824,15.292441796916291,0.9645922190182904,14.265691757202148,35.86939239501953,45.25893557720358,0.0,-0.5688759509879382,0.14507772020725387,732.3343036759046,0.9084034577221531,3.453888016887657
2026-04-13 13:11:31,2154,79,1,v8_7_phase_2_1_thrust_guard_v2,500,153.8355361320815,190,success,107.82913208007812,14.751323699951172,0.4062908589839935,34.694950103759766,48.5619010925293,14.70501708984375,18.17793273925781,6.624422037303301,3.679615858729922,36.6465637840976,0.9933236839803038,0.9991632103919984,0.0,2.6072548152902817,79,1.0,14.751323699951172,6.624422037303301,0.9933236839803038,18.17793273925781,34.694950103759766,45.553243281241265,0.0,-0.5765870844994329,0.14210526315789473,731.7559686625425,0.8096607164846394,1.4592140719443722
2026-04-13 13:11:34,2154,80,1,v8_7_phase_2_1_thrust_guard_v2,500,168.45905831190538,193,success,114.7867431640625,14.81788444519043,0.4062908589839935,35.60454177856445,48.5619010925293,13.80374526977539,25.95302963256836,18.0922780641298,9.904189230510568,-14.431185678428951,0.9505575938534744,0.968475103378296,0.0,2.240987259320641,80,1.0,14.81788444519043,18.0922780641298,0.9505575938534744,25.95302963256836,35.60454177856445,48.73177208157541,0.0,-0.6664974879801582,0.11398963730569948,725.0126884014882,0.872844861719717,5.145342163905605
2026-04-13 13:11:38,2155,81,1,v8_7_phase_2_1_thrust_guard_v2,500,178.81585742582803,195,success,115.00972747802734,14.585787773132324,0.4062908589839935,35.39097595214844,48.5619010925293,14.015689849853516,25.009605407714844,5.992011406957235,5.156093155856524,5.2713039330026525,0.9945364598177994,0.9733964204788208,0.0,0.3372371357073997,81,1.0,14.585787773132324,5.992011406957235,0.9945364598177994,25.009605407714844,35.39097595214844,47.53254255187953,0.0,-0.6924235152223935,0.08717948717948718,723.0682363583205,0.9170043970555284,1.5974682759726861
2026-04-13 13:11:41,2155,82,1,v8_7_phase_2_1_thrust_guard_v2,500,147.43863124688,191,success,109.75101470947266,14.903606414794922,0.4062908589839935,35.113582611083984,48.5619010925293,14.28662109375,22.336057662963867,14.43738578264803,-7.912245667572742,11.754002533235951,0.9684206835518412,0.9982430934906006,0.0,2.884603597129041,82,1.0,14.903606414794922,14.43738578264803,0.9684206835518412,22.336057662963867,35.113582611083984,49.60898854255964,0.0,-0.6460515656435365,0.08376963350785341,726.5461325767347,0.7719300065281675,3.59732855175924
2026-04-13 13:11:44,2155,83,1,v8_7_phase_2_1_thrust_guard_v2,500,166.087061644959,192,success,107.25237274169922,14.658502578735352,0.4062908589839935,34.811527252197266,48.5619010925293,14.589698791503906,19.30340003967285,7.403136173444685,-3.186964559180657,-20.250062888983763,0.9916641110705888,0.9947901964187622,0.0,1.7672677273783814,83,1.0,14.658502578735352,7.403136173444685,0.9916641110705888,19.30340003967285,34.811527252197266,47.185367923979555,0.0,-0.6956247026391793,0.07291666666666667,722.8281473020616,0.8650367794008283,2.726770639434987
2026-04-13 13:11:47,2155,84,1,v8_7_phase_2_1_thrust_guard_v2,500,149.0127741866577,196,success,113.00021362304688,14.745912551879885,0.4062908589839935,36.38494873046875,48.5619010925293,13.014259338378906,21.22610664367676,29.39743471605836,-26.995824090665987,39.36619143234035,0.8712357893094187,0.999676525592804,0.0,1.44055179893769,84,1.0,14.745912551879885,29.39743471605836,0.8712357893094187,21.22610664367676,36.38494873046875,51.626165214292115,0.0,-0.7086224153813697,0.09183673469387756,721.8533188463973,0.760269256054376,3.2349488397864716
2026-04-13 13:11:51,2155,85,1,v8_7_phase_2_1_thrust_guard_v2,500,150.49199913651705,193,success,110.53058624267578,14.568443298339844,0.4062908589839935,35.85958480834961,48.5619010925293,13.542400360107422,24.61491203308105,15.431524938985264,-9.34899474250514,-4.642661005757495,0.9639491456197804,0.9931920170783995,0.0,4.005511902606267,85,1.0,14.568443298339844,15.431524938985264,0.9639491456197804,24.61491203308105,35.85958480834961,51.31062563817027,0.0,-0.636085315901844,0.11398963730569948,727.2936013073617,0.7797512908627828,4.1112778879437295
2026-04-13 13:11:54,2155,86,1,v8_7_phase_2_1_thrust_guard_v2,500,156.62729191039747,190,success,107.47079467773438,14.649700164794922,0.4062908589839935,34.90380096435547,48.5619010925293,14.495731353759766,20.387500762939453,9.298785168142732,-6.374245014610428,27.89887413668464,0.986859142641028,0.9993218183517456,0.0,4.100785616250058,86,1.0,14.649700164794922,9.298785168142732,0.986859142641028,20.387500762939453,34.90380096435547,47.507034975722775,0.0,-0.6001495750768012,0.11578947368421053,729.9887818692399,0.8243541679494606,4.155763480170218
2026-04-13 13:11:58,2156,87,1,v8_7_phase_2_1_thrust_guard_v2,500,152.50177515904662,199,success,110.24403381347656,14.641136169433594,0.4062908589839935,36.10146713256836,48.5619010925293,13.30145263671875,23.77673721313477,16.94991697261412,-17.02430627041202,-6.790517723766024,0.9565599567068848,0.9869157671928406,0.0,2.8092901068081333,87,1.0,14.641136169433594,16.94991697261412,0.9565599567068848,23.77673721313477,36.10146713256836,53.414531235863436,0.0,-0.722480209909342,0.08542713567839195,720.8139842567994,0.7663405786886763,3.1843287687565165
2026-04-13 13:12:01,2156,88,1,v8_7_phase_2_1_thrust_guard_v2,500,158.8146889454216,198,success,112.55365753173828,14.543290138244627,0.4062908589839935,36.26785659790039,48.5619010925293,13.132198333740234,25.061487197875977,23.82766645736496,-21.532082566005982,14.692115980196364,0.9147647009601432,0.9981802701950072,0.0,1.651779230449428,88,1.0,14.543290138244627,23.82766645736496,0.9147647009601432,25.061487197875977,36.26785659790039,52.5945995723263,0.0,-0.722539135262269,0.09090909090909091,720.8095648553299,0.8020943886132404,2.5658079132146105
2026-04-13 13:12:05,2156,89,1,v8_7_phase_2_1_thrust_guard_v2,500,159.69963995098246,199,success,109.98918914794922,14.683473587036133,0.4062908589839935,37.53752517700195,48.5619010925293,11.865802764892578,16.927536010742188,32.98169259623844,-20.489647142047595,16.36067826046441,0.8388445506307645,0.9839046597480774,0.0,1.0530695603072286,89,1.0,14.683473587036133,32.98169259623844,0.8388445506307645,16.927536010742188,37.53752517700195,51.75060349636643,0.0,-0.6643786625796227,0.11055276381909548,725.1716003065283,0.8025107535225247,5.02408473127675
2026-04-13 13:12:08,2156,90,1,v8_7_phase_2_1_thrust_guard_v2,500,161.02926314087017,192,success,112.3102035522461,14.765610694885254,0.4062908589839935,35.32676696777344,48.5619010925293,14.07394027709961,22.526611328125,21.88254469496122,21.729867768896632,-33.20016985721964,0.927949842516615,0.99502831697464,0.0,3.451076472693341,90,1.0,14.765610694885254,21.88254469496122,0.927949842516615,22.526611328125,35.32676696777344,48.63777780003232,0.0,-0.6339225421931284,0.140625,727.4558093355154,0.8386940788586988,4.173054938540876
2026-04-13 13:12:11,2156,91,1,v8_7_phase_2_1_thrust_guard_v2,500,151.3883169078768,199,success,114.890625,14.562517166137695,0.4062908589839935,36.51521301269531,48.5619010925293,12.892295837402344,24.571081161499023,32.295514716746034,-32.97237621821054,24.4545480495779,0.8453036613157866,0.9716938734054564,0.0,0.5551272573065622,91,1.0,14.562517166137695,32.295514716746034,0.8453036613157866,24.571081161499023,36.51521301269531,55.090534681167895,0.0,-0.8004977462541818,0.05527638190954774,714.9626690309364,0.7607453110948583,2.8070448568466744
2026-04-13 13:12:15,2156,92,1,v8_7_phase_2_1_thrust_guard_v2,500,166.82558778146426,192,success,110.22502899169922,14.665631294250488,0.4062908589839935,35.02692031860352,48.5619010925293,14.374671936035156,18.544416427612305,17.99413678349318,2.0345165589213376,33.9751880072464,0.9510881337762126,0.9904063940048218,0.0,0.6679262483137638,92,1.0,14.665631294250488,17.99413678349318,0.9510881337762126,18.544416427612305,35.02692031860352,46.08941535763906,0.0,-0.67296581277454,0.08854166666666667,724.5275640419095,0.8688832696951264,3.046480509579604
2026-04-13 13:12:18,2157,93,1,v8_7_phase_2_1_thrust_guard_v2,500,167.95321191570918,196,success,115.83109283447266,14.532026290893556,0.4062908589839935,36.26519393920898,48.5619010925293,13.13943099975586,27.378746032714844,14.150326592210734,12.890773968689622,2.828170026324833,0.9696576583368596,0.9798128604888916,0.0,1.1191573418749703,93,1.0,14.532026290893556,14.150326592210734,0.9696576583368596,27.378746032714844,36.26519393920898,50.596412362625436,0.0,-0.6902229037677527,0.07653061224489796,723.2332822174185,0.8569041424270877,2.721911934353519
2026-04-13 13:12:22,2157,94,1,v8_7_phase_2_1_thrust_guard_v2,500,170.68147185840024,192,success,112.94441223144533,14.588539123535156,0.4062908589839935,34.959869384765625,48.5619010925293,14.45096206665039,20.661766052246094,18.84272460861744,-5.437037619439366,24.56089921759688,0.946408688222994,0.9609094858169556,0.0,0.3039351974774951,94,1.0,14.588539123535156,18.84272460861744,0.946408688222994,20.661766052246094,34.959869384765625,45.620978199275406,0.0,-0.5878295509319287,0.15104166666666666,730.9127836801053,0.8889659992625013,3.131872651264369
2026-04-13 13:12:25,2157,95,1,v8_7_phase_2_1_thrust_guard_v2,500,153.61019209408144,190,success,107.67517852783205,14.743945121765137,0.4062908589839935,35.24569320678711,48.5619010925293,14.155136108398438,21.209861755371094,12.175227129539806,-11.757952943897156,-5.107906598148907,0.9775071730353871,0.9969875812530518,0.0,4.3171208995569605,95,1.0,14.743945121765137,12.175227129539806,0.9775071730353871,21.209861755371094,35.24569320678711,48.95829673325208,0.0,-0.602070925803855,0.13157894736842105,729.8446805647109,0.8084746952320075,2.7881528694071918
2026-04-13 13:12:28,2157,96,1,v8_7_phase_2_1_thrust_guard_v2,500,166.96456814752182,193,success,109.12686157226562,14.793997764587402,0.4062908589839935,35.23701477050781,48.5619010925293,14.171703338623049,13.536197662353516,31.33617708177731,-25.66739327823353,-42.43002304871131,0.8541306306858008,0.9668762683868408,0.0,1.756679693236726,96,1.0,14.793997764587402,31.33617708177731,0.8541306306858008,13.536197662353516,35.23701477050781,45.527253520400244,0.0,-0.6279189913519152,0.08808290155440414,727.9060756486064,0.865101389365398,1.9388747832753186
2026-04-13 13:12:31,2157,97,1,v8_7_phase_2_1_thrust_guard_v2,500,147.0167652485204,189,success,107.54986572265624,14.931118965148926,0.4062908589839935,35.171085357666016,48.5619010925293,14.23211669921875,21.458314895629883,20.12608129516969,-18.83194657010716,-23.66414660599298,0.9389377193742576,0.9888827800750732,0.0,4.388536169275694,97,1.0,14.931118965148926,20.12608129516969,0.9389377193742576,21.458314895629883,35.171085357666016,49.89606222877218,0.0,-0.5739149433232982,0.1746031746031746,731.9563792507527,0.7778664827964045,6.189817300739947
2026-04-13 13:12:35,2157,98,1,v8_7_phase_2_1_thrust_guard_v2,500,158.14990364587118,191,success,108.60881805419922,14.69767951965332,0.4062908589839935,34.756141662597656,48.5619010925293,14.644294738769531,18.675281524658203,3.2049738470312765,-2.093308692862692,10.18408355250852,0.998435914554624,0.9982885122299194,0.0,5.083294950801646,98,1.0,14.69767951965332,3.2049738470312765,0.998435914554624,18.675281524658203,34.756141662597656,46.23776824537927,0.0,-0.6499008218811445,0.09424083769633508,726.2574383589142,0.8280099667323099,1.4063097581048312
2026-04-13 13:12:38,2157,99,1,v8_7_phase_2_1_thrust_guard_v2,500,146.91316621198536,193,success,110.59549713134766,14.968990325927734,0.4062908589839935,35.69257736206055,48.5619010925293,13.709056854248049,22.6528377532959,25.22291359535307,-23.15736364505096,-25.979964932768112,0.9046567034466968,0.9965516328811646,0.0,6.644841479862071,99,1.0,14.968990325927734,25.22291359535307,0.9046567034466968,22.6528377532959,35.69257736206055,50.35359565162232,0.0,-0.633884619598137,0.12953367875647667,727.4586535301397,0.761208115088007,4.315388649413495
2026-04-13 13:12:42,2158,100,1,v8_7_phase_2_1_thrust_guard_v2,500,163.5740846323608,191,success,113.3041000366211,14.674017906188965,0.4062908589839935,35.04449462890625,48.5619010925293,14.3690185546875,22.807689666748047,20.029475099549032,-6.175872415451162,20.929755503859244,0.9395165484514596,0.952562153339386,0.0,0.4075024823852691,100,1.0,14.674017906188965,20.029475099549032,0.9395165484514596,22.807689666748047,35.04449462890625,47.94091264506882,0.0,-0.6338030006980319,0.09424083769633508,727.4647749476476,0.8564088200647164,3.6998406472096175
2026-04-13 13:12:45,2158,101,1,v8_7_phase_2_1_thrust_guard_v2,500,164.25517580940053,189,success,111.16271209716795,14.77359676361084,0.4062908589839935,34.94501495361328,48.5619010925293,14.454814910888672,22.531618118286133,15.778614662037802,11.255556671949575,34.85383720245518,0.9623195536236662,0.9966528415679932,0.0,2.717900155165124,101,1.0,14.77359676361084,15.778614662037802,0.9623195536236662,22.531618118286133,34.94501495361328,47.75256057625328,0.0,-0.6225963131026931,0.13756613756613756,728.305276517298,0.8690750042825426,5.496530581706078
2026-04-13 13:12:48,2158,102,1,v8_7_phase_2_1_thrust_guard_v2,500,153.16617305474375,197,success,114.23287200927734,14.693593978881836,0.4062908589839935,36.8946533203125,48.5619010925293,12.506336212158203,26.81502914428711,29.20819749491399,-29.37878488452964,15.991909516986253,0.8728522686557213,0.992567777633667,0.0,2.991155758425608,102,1.0,14.693593978881836,29.20819749491399,0.8728522686557213,26.81502914428711,36.8946533203125,54.73229102939639,0.0,-0.6930410265331606,0.08629441624365482,723.021923010013,0.777493264237278,4.719084694345803
2026-04-13 13:12:52,2158,103,1,v8_7_phase_2_1_thrust_guard_v2,500,160.4839114090977,196,success,114.67721557617188,14.5790376663208,0.4062908589839935,36.8165168762207,48.5619010925293,12.585254669189451,28.4510555267334,24.278950716206044,3.9809369110410273,1.3643049936657767,0.9115543969871548,0.9943895936012268,0.0,4.944513658792378,103,1.0,14.5790376663208,24.278950716206044,0.9115543969871548,28.4510555267334,36.8165168762207,53.175383372681154,0.0,-0.6479432883919501,0.11734693877551021,726.4042533706038,0.8187954663729474,5.997972994012834
2026-04-13 13:12:55,2158,104,1,v8_7_phase_2_1_thrust_guard_v2,500,156.67407679925842,190,success,108.85481262207033,14.76791286468506,0.4062908589839935,34.824607849121094,48.5619010925293,14.576545715332031,19.3642692565918,8.310093087668584,5.796908760863113,-16.047411634181774,0.9895003442722894,0.9971622228622437,0.0,3.486496065297372,104,1.0,14.76791286468506,8.310093087668584,0.9895003442722894,19.3642692565918,34.824607849121094,46.2920667759861,0.0,-0.6099456663096422,0.1368421052631579,729.2540750267768,0.8246004042066233,3.3185065962776714
2026-04-13 13:12:58,2158,105,1,v8_7_phase_2_1_thrust_guard_v2,500,151.5444353339417,190,success,107.32544708251952,14.803297996520996,0.4062908589839935,34.17377853393555,48.5619010925293,14.795406341552734,18.83285903930664,3.110364627969199,-1.2643942671472996,-17.26019539113487,0.9985268712996176,0.9983984231948853,0.0,5.932644027674367,105,1.0,14.803297996520996,3.110364627969199,0.9985268712996176,18.83285903930664,34.17377853393555,45.91281325738145,0.0,-0.6203436706313177,0.14210526315789473,728.4742247026512,0.797602291231272,2.7767640223626033
2026-04-13 13:13:02,2159,106,1,v8_7_phase_2_1_thrust_guard_v2,500,154.25056813596393,198,success,114.14385223388672,14.772273063659668,0.4062908589839935,37.23083114624024,48.5619010925293,12.169384002685549,24.78934669494629,35.999092586631654,-35.718767962715994,-27.636012598929405,0.8090263032348138,0.9978594779968262,0.0,3.7951720651583063,106,1.0,14.772273063659668,35.999092586631654,0.8090263032348138,24.78934669494629,37.23083114624024,53.49943196138325,0.0,-0.6535998611908519,0.10606060606060606,725.9800104106861,0.7790432734139593,3.8694437886175135
2026-04-13 13:13:06,2159,107,1,v8_7_phase_2_1_thrust_guard_v2,500,161.43562441332543,189,success,110.12802124023438,14.671064376831056,0.4062908589839935,35.029232025146484,48.5619010925293,14.373939514160156,22.029359817504883,16.618587911071383,-4.834969677594259,-24.943126848834545,0.9582298409443883,0.9841830134391784,0.0,0.408710557446493,107,1.0,14.671064376831056,16.618587911071383,0.9582298409443883,22.029359817504883,35.029232025146484,47.66537462090218,0.0,-0.599940846945164,0.13756613756613756,730.0044364791127,0.8541567429276476,4.858005477760214
2026-04-13 13:13:09,2159,108,1,v8_7_phase_2_1_thrust_guard_v2,500,147.60399347876978,194,success,111.75838470458984,14.839911460876465,0.4062908589839935,35.680076599121094,48.5619010925293,13.727725982666016,25.63522148132324,32.05315569933189,-22.486560521380248,-35.50401656992704,0.8475561029253919,0.9802406430244446,0.0,2.735375188707257,108,1.0,14.839911460876465,32.05315569933189,0.8475561029253919,25.63522148132324,35.680076599121094,51.83252463940068,0.0,-0.6538726594575114,0.07216494845360824,725.9595505406867,0.7608453272101535,2.66765322818656
2026-04-13 13:13:12,2159,109,1,v8_7_phase_2_1_thrust_guard_v2,500,154.52415590505493,188,success,109.28216552734376,14.972148895263672,0.4062908589839935,34.69901657104492,48.5619010925293,14.70108413696289,22.560380935668945,8.58155895623074,6.764860118148872,-8.869356660872045,0.9888044588193654,0.9985345005989076,0.0,4.962450038948385,109,1.0,14.972148895263672,8.58155895623074,0.9888044588193654,22.560380935668945,34.69901657104492,47.72086986955936,0.0,-0.5850195615165966,0.13297872340425532,731.1235328862552,0.8219369994949729,3.128549372600042
2026-04-13 13:13:15,2159,110,1,v8_7_phase_2_1_thrust_guard_v2,500,173.5434215576776,190,success,109.09790802001952,14.631592750549316,0.4062908589839935,34.8968620300293,48.5619010925293,14.506591796875,19.82659912109375,5.947023939102123,-3.7749648726564766,-8.53725322663216,0.9946181179635404,0.9834803342819214,0.0,1.0580547909550098,110,1.0,14.631592750549316,5.947023939102123,0.9946181179635404,19.82659912109375,34.8968620300293,45.33989985331265,0.0,-0.5810312934023769,0.14210526315789473,731.4226529948218,0.9133864292509347,3.0284070623750017
2026-04-13 13:13:20,2159,111,1,v8_7_phase_2_1_thrust_guard_v2,500,-224.46317648295317,275,near_miss,107.97281646728516,10.502557754516602,0.4062908589839935,48.271934509277344,48.5619010925293,1.843402862548828,-0.1448815912008285,75.2814229563426,-96.68050124864092,-1.2423233646180496,0.2540715490228007,-0.9073090553283693,0.0,2.044476083118139,111,0.0,8.786938667297363,61.58498121749942,0.4758547725485564,0.0355415940284729,44.72591018676758,58.19862511291133,0.0036363636363636364,-0.31325469879264184,0.31272727272727274,751.5058975905519,-0.816229732665284,28.926754265664286
2026-04-13 13:13:24,2160,112,1,v8_7_phase_2_1_thrust_guard_v2,500,148.2281692431522,194,success,113.62997436523438,14.709206581115724,0.4062908589839935,35.593650817871094,48.5619010925293,13.813385009765623,25.488609313964844,11.349095258859254,7.256283691194826,7.807544844011971,0.9804463974278148,0.97627592086792,0.0,3.966598106877085,112,1.0,14.709206581115724,11.349095258859254,0.9804463974278148,25.488609313964844,35.593650817871094,50.33149398724688,0.0,-0.6791274382087124,0.0979381443298969,724.0654421343465,0.7640627280574855,2.5757281821964173
2026-04-13 13:13:27,2160,113,1,v8_7_phase_2_1_thrust_guard_v2,500,159.99197729612274,196,success,114.76229095458984,14.520380020141602,0.4062908589839935,35.95353317260742,48.5619010925293,13.02297592163086,26.056476593017575,21.66060794316541,0.8773726968859284,-14.111083740334426,0.9293865606143232,0.9701840281486512,0.0,1.3135354987167862,113,1.0,14.520380020141602,21.66060794316541,0.9293865606143232,26.056476593017575,35.95353317260742,51.050606011981685,0.0,-0.6523931511304797,0.10204081632653061,726.070513665214,0.8162855984496061,3.3430897901773626
2026-04-13 13:13:31,2160,114,1,v8_7_phase_2_1_thrust_guard_v2,500,149.80102780061503,201,success,114.72826385498048,14.593053817749023,0.4062908589839935,37.74464416503906,48.5619010925293,11.659637451171877,27.743873596191406,33.60498492404254,-23.20210138411454,15.939537333977889,0.8328730906459971,0.9850121140480042,0.0,1.0342713095482003,114,1.0,14.593053817749023,33.60498492404254,0.8328730906459971,27.743873596191406,37.74464416503906,54.39623581304983,0.0,-0.6866833707271376,0.11442786069651742,723.4987471954647,0.7452787452766917,5.721740900151278
2026-04-13 13:13:34,2160,115,1,v8_7_phase_2_1_thrust_guard_v2,500,150.29731735055637,195,success,114.70076751708984,14.553532600402832,0.4062908589839935,36.3397331237793,48.5619010925293,13.061012268066406,25.237030029296875,27.75386409796339,27.83741780208016,-25.946862420955647,0.8849562338335368,0.9962364435195924,0.0,4.722307130803052,115,1.0,14.553532600402832,27.75386409796339,0.8849562338335368,25.237030029296875,36.3397331237793,51.155286277870395,0.0,-0.695699887524526,0.08205128205128205,722.8225084356606,0.7707554735925969,3.669715800506357
2026-04-13 13:13:37,2160,116,1,v8_7_phase_2_1_thrust_guard_v2,500,154.20084093343976,191,success,108.84774780273438,14.846850395202637,0.4062908589839935,34.85307312011719,48.5619010925293,14.54653549194336,21.29718780517578,10.218195224770856,1.4963252932461302,-8.431363950155806,0.9841393221474232,0.9995893239974976,0.0,2.8346277158793844,116,1.0,14.846850395202637,10.218195224770856,0.9841393221474232,21.29718780517578,34.85307312011719,48.31422086726394,0.0,-0.6635554261183786,0.09947643979057591,725.2333430411217,0.8073342457248154,3.2920042804987606
2026-04-13 13:13:41,2160,117,1,v8_7_phase_2_1_thrust_guard_v2,500,158.68053971342465,189,success,107.00826263427734,14.745893478393556,0.4062908589839935,35.429500579833984,48.5619010925293,13.969741821289062,13.963134765625,19.71890298289397,-16.956511520257767,28.24377819920277,0.9413592793477534,0.9991376399993896,0.0,2.198245440504828,117,1.0,14.745893478393556,19.71890298289397,0.9413592793477534,13.963134765625,35.429500579833984,45.62939543253313,0.0,-0.5527120323423,0.15343915343915343,733.5465975743275,0.8395795752033052,4.4579640800518705
