episode_id,timestamp,done_reason,episode_len,episode_return,min_distance,final_distance,min_theta_deg,final_theta_deg
1,2026-05-15 15:17:58,bad_angle,33,-49.618320158057315,690.732421875,690.732421875,82.80383130816863,112.78554772658656
2,2026-05-15 15:18:00,bad_angle,165,-39.95217063128675,609.0562744140625,609.0562744140625,22.669358581684595,110.87483645722133
3,2026-05-15 15:18:02,low_agl,204,-43.496012779172986,578.0877075195312,578.0877075195312,30.545452911754104,86.52002112235667
4,2026-05-15 15:18:03,low_agl,133,-52.22473534640985,631.2002563476562,631.2002563476562,38.52865997593505,96.56063825889636
5,2026-05-15 15:18:04,bad_angle,40,-49.642181231742626,689.0162963867188,689.0162963867188,82.01180257201395,113.25150323176483
6,2026-05-15 15:18:05,low_agl,162,-53.549222124862666,620.9214477539062,620.9214477539062,46.2896058543346,86.17652407880756
7,2026-05-15 15:18:06,bad_angle,42,-49.16769772829568,686.4244995117188,686.4244995117188,80.068641073902,111.3121393188314
8,2026-05-15 15:18:08,low_agl,257,-40.21295077250156,549.4637451171875,549.4637451171875,9.015653336478193,88.26670539880404
9,2026-05-15 15:18:09,low_agl,81,-54.11282943991386,659.9950561523438,659.9950561523438,28.364064660675865,73.9792815420255
10,2026-05-15 15:18:10,low_agl,109,-54.762931348228996,647.9742431640625,647.9742431640625,46.066173291110566,85.09382298214464
11,2026-05-15 15:18:13,bad_angle,258,-32.639067867502334,552.2758178710938,552.2758178710938,25.181239196132235,110.68751851923373
12,2026-05-15 15:18:15,low_agl,157,-47.53729559532957,610.0447387695312,610.0447387695312,24.399028856909453,88.67656456032898
13,2026-05-15 15:18:15,bad_angle,29,-49.553178182696065,692.5093383789062,692.5093383789062,82.00420740165688,113.59891397370835
14,2026-05-15 15:18:17,low_agl,169,-42.49830461349546,594.6619262695312,594.6619262695312,3.81166689416154,75.08293765906203
15,2026-05-15 15:18:19,low_agl,240,-30.66841676380116,534.2822265625,534.2822265625,3.2478132203924197,77.19617769769646
16,2026-05-15 15:18:20,bad_angle,80,-48.58154758521155,668.5143432617188,668.5143432617188,74.33179443527904,111.43411283702949
17,2026-05-15 15:18:22,bad_angle,266,-25.363220172329374,535.4159545898438,535.4159545898438,1.7277106512633,112.31584244755395
18,2026-05-15 15:18:24,low_agl,132,-46.72451707991616,618.6937866210938,618.6937866210938,6.571189250459514,35.375007956883834
19,2026-05-15 15:18:25,low_agl,118,-54.40776741858171,641.979736328125,641.979736328125,31.83377685338025,81.56165212457509
20,2026-05-15 15:18:25,bad_angle,46,-49.601314403664865,685.1564331054688,685.1564331054688,82.68629741293104,115.16514465228397
21,2026-05-15 15:18:29,bad_angle,341,-12.2238408269097,467.4053649902344,467.4053649902344,0.2525642271686456,110.93667698996663
22,2026-05-15 15:18:29,bad_angle,26,-49.86484177864586,694.4312744140625,694.4312744140625,82.27072138307079,115.35638994904433
23,2026-05-15 15:18:31,low_agl,155,-51.69976859632735,620.833984375,620.833984375,50.50393844016461,85.46488666918393
24,2026-05-15 15:18:32,bad_angle,30,-49.44275460438876,692.2339477539062,692.2339477539062,83.64059095319772,110.04917586959351
25,2026-05-15 15:18:35,low_agl,159,-45.70229608632269,603.2459716796875,603.2459716796875,8.881904572151004,73.9902371654542
26,2026-05-15 15:18:37,low_agl,134,-49.27223180314792,625.6236572265625,625.6236572265625,22.067726491285896,65.38789394357912
27,2026-05-15 15:18:38,bad_angle,28,-49.560705033296266,693.744140625,693.744140625,80.63369579374798,112.83842022095162
28,2026-05-15 15:18:39,bad_angle,65,-47.42313732037558,671.9398193359375,671.9398193359375,63.41513040560434,110.04897779410759
29,2026-05-15 15:18:40,low_agl,157,-46.87886223956456,608.1298217773438,608.1298217773438,22.3495230209677,67.62727391580535
30,2026-05-15 15:18:42,low_agl,166,-49.60567593706496,613.2407836914062,613.2407836914062,19.59694995526339,80.54487601378113
31,2026-05-15 15:18:44,low_agl,255,-45.264215902610374,561.7481079101562,561.7481079101562,42.8618993250258,54.4566577053102
32,2026-05-15 15:18:46,low_agl,199,-46.93658825878788,588.4255981445312,588.4255981445312,33.87914871732685,93.40698965493974
33,2026-05-15 15:18:48,low_agl,180,-41.47589159013844,585.1055908203125,585.1055908203125,19.014464592655532,56.36323329513297
34,2026-05-15 15:18:50,low_agl,144,-51.745108445874685,626.7835083007812,626.7835083007812,45.391760412463505,79.3050873963971
35,2026-05-15 15:18:51,low_agl,130,-48.801837837994135,626.9035034179688,626.9035034179688,1.7518947502887285,9.442523937904712
36,2026-05-15 15:18:52,low_agl,123,-47.334926120118524,626.47802734375,626.47802734375,4.826493412834273,86.22717676169238
37,2026-05-15 15:18:54,low_agl,200,-47.01839249812959,589.9318237304688,589.9318237304688,22.791574571598215,80.15528202352361
38,2026-05-15 15:18:54,bad_angle,62,-47.5669096968872,674.4337158203125,674.4337158203125,47.10367219584633,115.62784898741732
39,2026-05-15 15:18:57,bad_angle,256,-32.69458845926444,552.7246704101562,552.7246704101562,6.750929947336631,111.15121323179673
40,2026-05-15 15:18:59,low_agl,169,-50.64739710780517,613.8887939453125,613.8887939453125,47.58579475879002,70.23117425384599
41,2026-05-15 15:19:00,low_agl,109,-50.6152673739427,639.4925537109375,639.4925537109375,1.8738794742659233,60.43100026665826
42,2026-05-15 15:19:01,bad_angle,124,-42.2355415241623,635.4609985351562,635.4609985351562,42.0606737391537,112.46054000512066
43,2026-05-15 15:19:02,low_agl,110,-53.22370290554664,643.0682983398438,643.0682983398438,35.3346108030378,69.98905770814739
44,2026-05-15 15:19:06,low_agl,353,-29.632996241975995,484.06121826171875,484.06121826171875,0.5898349129590555,50.88520984491848
45,2026-05-15 15:19:06,bad_angle,62,-48.692286489744355,677.8284912109375,677.8284912109375,77.76220230440458,114.1500624284042
46,2026-05-15 15:19:06,bad_angle,26,-50.71469531893433,695.7168579101562,695.7168579101562,84.49264339177847,145.19394839483996
47,2026-05-15 15:19:08,low_agl,120,-51.31846422217205,635.2314453125,635.2314453125,52.891892102311544,63.03060441571096
48,2026-05-15 15:19:12,low_agl,341,-26.992472542107684,481.9110107421875,481.9110107421875,4.766414215121195,86.2998977857855
49,2026-05-15 15:19:12,bad_angle,35,-50.248558930078964,691.0684204101562,691.0684204101562,83.9294055022517,114.17012952418568
50,2026-05-15 15:19:14,low_agl,209,-44.3089160903448,578.2933959960938,578.2933959960938,27.619261559989948,75.3613908111451
51,2026-05-15 15:19:15,bad_angle,136,-43.33863675115982,633.8143310546875,633.8143310546875,34.18898658864614,110.04834258651478
52,2026-05-15 15:19:17,low_agl,137,-48.09647991765184,619.6412353515625,619.6412353515625,38.40610589165751,80.48393706600628
53,2026-05-15 15:19:17,bad_angle,59,-48.32482208311765,677.0279541015625,677.0279541015625,70.52927102998203,114.77716258667057
54,2026-05-15 15:19:18,low_agl,131,-50.38190738419789,628.902587890625,628.902587890625,21.055540267614198,22.73149964275337
55,2026-05-15 15:19:19,bad_angle,67,-47.296667121539905,671.2293701171875,671.2293701171875,52.314061513623045,111.02508012839411
56,2026-05-15 15:19:19,bad_angle,35,-49.99389196015456,690.5713500976562,690.5713500976562,81.83259206857115,118.52371259171933
57,2026-05-15 15:19:21,low_agl,192,-43.47458230375011,583.2300415039062,583.2300415039062,16.34956725023209,77.99956503844086
58,2026-05-15 15:19:23,low_agl,141,-48.55373265754153,621.4295043945312,621.4295043945312,13.526645797397592,76.16918362390416
59,2026-05-15 15:19:25,low_agl,220,-38.18698351153016,560.2755126953125,560.2755126953125,4.304387349376151,75.3780633029091
60,2026-05-15 15:19:28,low_agl,258,-40.84151070679705,547.962646484375,547.962646484375,5.81008035379066,64.5026262950646
61,2026-05-15 15:19:29,bad_angle,98,-45.396624272448854,654.8724365234375,654.8724365234375,47.17312155932702,112.90464573514407
62,2026-05-15 15:19:30,bad_angle,60,-47.944034937025485,675.4555053710938,675.4555053710938,66.16977984881633,115.8318667379256
63,2026-05-15 15:19:30,bad_angle,29,-49.9598540869998,693.608642578125,693.608642578125,81.54182408541453,111.40464057076089
64,2026-05-15 15:19:31,bad_angle,95,-45.36808852635922,654.581298828125,654.581298828125,49.57514541116418,113.80037040327788
65,2026-05-15 15:19:31,bad_angle,26,-49.9364930786554,694.2140502929688,694.2140502929688,87.71990094442032,119.65912225820722
66,2026-05-15 15:19:32,bad_angle,60,-48.67936727458304,678.0468139648438,678.0468139648438,74.75732205076,114.94664690073527
67,2026-05-15 15:19:34,low_agl,182,-42.193929546690946,588.5983276367188,588.5983276367188,1.1037582497089433,48.376723834488324
68,2026-05-15 15:19:35,low_agl,97,-54.99683522106049,653.4409790039062,653.4409790039062,51.41976093993118,88.54030228638723
69,2026-05-15 15:19:38,low_agl,228,-37.35636169973432,549.4183349609375,549.4183349609375,15.260012058737074,79.66097440310061
70,2026-05-15 15:19:39,low_agl,121,-51.306439171399596,635.1731567382812,635.1731567382812,38.72352185786092,71.95993611391124
71,2026-05-15 15:19:41,bad_angle,172,-36.2885765285895,600.5872802734375,600.5872802734375,1.9762537646406593,110.36088521274539
72,2026-05-15 15:19:41,bad_angle,26,-50.12594647119606,695.5103149414062,695.5103149414062,82.35648123828946,127.54286810769445
73,2026-05-15 15:19:43,low_agl,199,-39.71041279626841,577.5147705078125,577.5147705078125,4.732013540479602,58.77268497769252
74,2026-05-15 15:19:45,low_agl,132,-49.92429712418879,627.099853515625,627.099853515625,35.83921493363458,89.82001335947
75,2026-05-15 15:19:48,bad_angle,287,-40.09315713048357,559.7346801757812,559.7346801757812,49.23529910372644,110.8504731724519
76,2026-05-15 15:19:49,bad_angle,48,-48.058937793978025,682.4561767578125,682.4561767578125,57.20620158211761,110.15817202836858
77,2026-05-15 15:19:50,low_agl,143,-46.15057494698482,617.1553344726562,617.1553344726562,14.606810332557489,47.26940673605669
78,2026-05-15 15:19:50,bad_angle,39,-50.53869025202287,689.8430786132812,689.8430786132812,78.69718689988763,112.61153499710214
79,2026-05-15 15:19:51,bad_angle,65,-47.42067384007802,672.5731811523438,672.5731811523438,60.321847013532285,112.0167689543666
80,2026-05-15 15:19:52,bad_angle,47,-48.543090554088536,683.592041015625,683.592041015625,67.04636632689576,111.30281611061433
81,2026-05-15 15:19:53,bad_angle,144,-39.73646074225587,617.3844604492188,617.3844604492188,40.86184235112765,114.56527645823844
82,2026-05-15 15:19:54,bad_angle,27,-49.42554901077123,694.3602905273438,694.3602905273438,78.9462155970263,111.51235948416115
83,2026-05-15 15:19:55,low_agl,118,-49.304426002142506,632.1605224609375,632.1605224609375,19.5675425757919,60.91658573551114
84,2026-05-15 15:20:01,low_agl,610,-1.7193031220487,300.46563720703125,300.46563720703125,0.7813458934059555,71.7520114951977
85,2026-05-15 15:20:04,bad_angle,260,-28.44115635631495,544.2333984375,544.2333984375,4.314068288750998,111.98257702738151
86,2026-05-15 15:20:07,low_agl,207,-38.79112413337663,571.2496948242188,571.2496948242188,1.408477000967013,58.05376658641366
87,2026-05-15 15:20:10,low_agl,272,-32.2528384202589,529.025634765625,529.025634765625,3.7467450923269228,97.88730005233379
88,2026-05-15 15:20:13,bad_angle,274,-22.303220562576577,529.2505493164062,529.2505493164062,2.032302723856607,115.17913287970416
89,2026-05-15 15:20:14,bad_angle,113,-42.17993300621569,641.9866333007812,641.9866333007812,41.411061277382956,113.05497819877604
90,2026-05-15 15:20:14,bad_angle,29,-50.06904343096888,694.2085571289062,694.2085571289062,81.8667908257454,113.76854855193478
91,2026-05-15 15:20:15,bad_angle,99,-43.73797549638905,650.1821899414062,650.1821899414062,22.114364730486038,110.56880300126974
92,2026-05-15 15:20:18,low_agl,200,-45.90377173216948,589.6869506835938,589.6869506835938,28.31721639315875,40.246855533354285
93,2026-05-15 15:20:18,bad_angle,30,-49.788473502715945,693.1349487304688,693.1349487304688,82.78979526942425,113.17451333944044
94,2026-05-15 15:20:18,bad_angle,32,-49.756587693833154,691.584716796875,691.584716796875,82.90634561742134,114.6981646187302
95,2026-05-15 15:20:19,bad_angle,56,-46.89376286926485,676.5721435546875,676.5721435546875,41.6480449359203,114.15517824009252
96,2026-05-15 15:20:20,low_agl,102,-55.19168775745358,651.927734375,651.927734375,37.21736269303556,87.00260813816392
97,2026-05-15 15:20:20,bad_angle,26,-50.22034084963872,695.2417602539062,695.2417602539062,83.76813107556936,117.88346431930067
98,2026-05-15 15:20:23,low_agl,231,-46.286254922506785,577.8324584960938,577.8324584960938,8.93661353362916,59.005375862336514
99,2026-05-15 15:20:24,bad_angle,93,-48.31149338739101,661.8978881835938,661.8978881835938,78.2074896571544,115.39556791412353
100,2026-05-15 15:20:26,bad_angle,180,-35.7776842013368,598.914306640625,598.914306640625,20.082325395799298,110.64956315801598
101,2026-05-15 15:20:30,low_agl,395,-21.067271888234586,453.1187744140625,453.1187744140625,13.891952488740198,42.385001856797174
102,2026-05-15 15:20:31,bad_angle,27,-50.38732191059862,695.5463256835938,695.5463256835938,83.3615777256027,117.8798579794189
103,2026-05-15 15:20:33,low_agl,181,-47.668779783040385,601.01171875,601.01171875,43.8352286025093,80.22209493398468
104,2026-05-15 15:20:35,low_agl,228,-38.974498472334254,565.5604248046875,565.5604248046875,20.296871882913155,58.15709368817761
105,2026-05-15 15:20:36,bad_angle,44,-48.92252429008131,684.8004760742188,684.8004760742188,77.84163057426265,112.77762470714934
106,2026-05-15 15:20:38,low_agl,180,-44.7985688687335,598.0390625,598.0390625,15.033389797170635,69.06333484917887
107,2026-05-15 15:20:38,bad_angle,44,-49.02365074863394,686.108642578125,686.108642578125,71.79652383801869,113.05501234972189
108,2026-05-15 15:20:39,bad_angle,47,-49.16202169858284,684.943115234375,684.943115234375,76.70495732277831,110.91370706378788
109,2026-05-15 15:20:41,bad_angle,195,-44.40640600030967,611.6033935546875,611.6033935546875,58.41750148047352,112.17298904106313
110,2026-05-15 15:20:42,low_agl,99,-51.200627147321846,648.0166015625,648.0166015625,23.518928246502043,68.35998928920763
111,2026-05-15 15:20:43,bad_angle,90,-48.87121946561215,665.31640625,665.31640625,81.72661485340923,114.93428425833754
112,2026-05-15 15:20:44,bad_angle,29,-50.13317798407005,693.2994995117188,693.2994995117188,81.42996607737724,118.64161531717208
113,2026-05-15 15:20:46,bad_angle,185,-38.325579709816395,602.919677734375,602.919677734375,36.205005714634616,115.27472820732766
114,2026-05-15 15:20:48,low_agl,171,-48.373435893379295,609.0878295898438,609.0878295898438,38.53567799530724,93.62400525543855
115,2026-05-15 15:20:50,low_agl,226,-41.43615522835822,572.7423095703125,572.7423095703125,26.78789434931058,78.96383748508492
116,2026-05-15 15:20:51,bad_angle,28,-49.62790272766725,694.0641479492188,694.0641479492188,81.66908417003022,114.14653805079246
117,2026-05-15 15:20:52,low_agl,119,-47.00921065118087,631.2749633789062,631.2749633789062,3.393499020954676,7.821900194100045
118,2026-05-15 15:20:54,bad_angle,167,-39.90929142644206,614.3487548828125,614.3487548828125,30.632421710455876,110.77058044973026
119,2026-05-15 15:20:55,low_agl,134,-47.303851770018056,625.2559204101562,625.2559204101562,16.182065398573993,73.70251544666742
120,2026-05-15 15:20:56,bad_angle,26,-50.439844466682004,695.7735595703125,695.7735595703125,86.19872902379927,112.74623315772396
121,2026-05-15 15:20:56,bad_angle,26,-50.438631525763256,694.6245727539062,694.6245727539062,82.6186375590129,114.99742252702514
122,2026-05-15 15:20:57,low_agl,132,-48.83340702703305,628.3968505859375,628.3968505859375,6.6576137684618,68.27366935847702
123,2026-05-15 15:21:10,bad_angle,1102,50.894254272574116,77.1138687133789,77.41950988769531,2.433089046286258,114.59007687511475
124,2026-05-15 15:21:13,low_agl,256,-40.30050422711271,560.5606689453125,560.5606689453125,23.93504215375944,60.29187614345427
125,2026-05-15 15:21:16,bad_angle,296,-25.516420206196162,530.4848022460938,530.4848022460938,4.38150488086065,115.47392384428191
126,2026-05-15 15:21:16,bad_angle,26,-50.41855489164967,694.7836303710938,694.7836303710938,88.84797498773963,130.98559763808268
127,2026-05-15 15:21:19,low_agl,250,-37.14133284595191,558.1087036132812,558.1087036132812,0.3488659190822851,61.385184523898204
128,2026-05-15 15:21:22,low_agl,300,-24.98064622760593,513.8167114257812,513.8167114257812,0.7391343638399247,49.25046553877846
129,2026-05-15 15:21:28,low_agl,517,-23.541634880942475,416.0610046386719,416.0610046386719,10.393622657187109,81.47413008055054
130,2026-05-15 15:21:28,bad_angle,26,-49.77385204631484,694.321533203125,694.321533203125,80.99428880078963,110.23926686438413
131,2026-05-15 15:21:30,low_agl,170,-44.20941353921392,603.8428955078125,603.8428955078125,13.143642085915479,63.334117531858816
132,2026-05-15 15:21:35,bad_angle,374,-12.571960930641282,479.2210998535156,479.2210998535156,0.6333471666751507,112.5991518641369
133,2026-05-15 15:21:35,low_agl,81,-51.686261621000625,657.8759155273438,657.8759155273438,11.923719927506074,61.68145763952585
134,2026-05-15 15:21:39,bad_angle,304,-24.974381290053532,531.4014282226562,531.4014282226562,4.146426418214912,111.31320482834192
135,2026-05-15 15:21:41,low_agl,139,-45.11193735130364,621.8837890625,621.8837890625,4.2149140056831,60.485546157369974
136,2026-05-15 15:21:42,low_agl,102,-53.96302615090255,652.0082397460938,652.0082397460938,47.34462760938604,55.30680110601793
137,2026-05-15 15:21:45,low_agl,259,-34.58546157627252,548.3628540039062,548.3628540039062,7.299712595258706,49.42978532524797
138,2026-05-15 15:21:46,low_agl,141,-47.227304174476174,623.964599609375,623.964599609375,5.158600262168742,33.64807658751615
139,2026-05-15 15:21:46,bad_angle,26,-49.96151886693835,693.958984375,693.958984375,88.75020082977089,110.47287982456609
140,2026-05-15 15:21:50,low_agl,369,-28.762754864346125,494.53643798828125,494.53643798828125,9.647117985624213,65.93619420939106
141,2026-05-15 15:21:51,low_agl,81,-53.93409646328053,662.1214599609375,662.1214599609375,38.89154451144324,53.38946113806322
142,2026-05-15 15:21:52,bad_angle,46,-49.77474431451219,685.5345458984375,685.5345458984375,80.3305515078153,113.94025267747973
143,2026-05-15 15:21:52,bad_angle,26,-51.033245308439646,695.8231811523438,695.8231811523438,81.8974037336054,131.16857840594733
144,2026-05-15 15:21:55,low_agl,300,-34.521574595320885,531.6453247070312,531.6453247070312,25.455932329077225,70.40473619084518
145,2026-05-15 15:21:56,bad_angle,65,-48.08009447903283,674.662109375,674.662109375,61.572290726021535,110.37589796854108
146,2026-05-15 15:21:57,bad_angle,108,-42.47674913710621,647.1632690429688,647.1632690429688,21.82729870985957,111.71771595174675
147,2026-05-15 15:21:58,bad_angle,44,-50.00181803518813,686.88232421875,686.88232421875,84.0834945699272,113.56641593363743
148,2026-05-15 15:21:58,bad_angle,26,-50.42949431136697,695.6912231445312,695.6912231445312,84.56111603820784,136.19729152199088
149,2026-05-15 15:21:58,bad_angle,57,-48.3997428526205,679.183349609375,679.183349609375,69.51601246661063,112.20445572256938
150,2026-05-15 15:21:59,bad_angle,26,-50.30065086625518,695.1604614257812,695.1604614257812,81.37002433722121,136.70847653985297
151,2026-05-15 15:22:01,low_agl,190,-41.85278341456362,593.774658203125,593.774658203125,4.755263504414326,40.25702910012302
152,2026-05-15 15:22:03,low_agl,204,-40.913541445184855,584.6611328125,584.6611328125,13.233183304613409,80.45537321489729
153,2026-05-15 15:22:05,low_agl,187,-43.58889675622467,597.8904418945312,597.8904418945312,0.1876718538443974,86.32849578784034
154,2026-05-15 15:22:07,low_agl,136,-51.35498712218353,632.3270263671875,632.3270263671875,18.32187487307978,41.60446149882645
155,2026-05-15 15:22:07,bad_angle,40,-49.45206088144562,687.6264038085938,687.6264038085938,79.38338185485296,119.79233826777916
156,2026-05-15 15:22:08,low_agl,96,-49.84395471895084,649.5414428710938,649.5414428710938,4.244962996049748,38.098030209144085
157,2026-05-15 15:22:08,bad_angle,26,-50.00529204239314,694.7180786132812,694.7180786132812,80.84824569595642,112.2298025545793
158,2026-05-15 15:22:10,low_agl,198,-39.56985947667236,583.0963745117188,583.0963745117188,5.107988560418947,71.02188476349086
159,2026-05-15 15:22:12,low_agl,146,-46.44720111508276,619.6446533203125,619.6446533203125,14.82960768818872,71.73509994681275
160,2026-05-15 15:22:15,low_agl,247,-33.82070518372558,554.6546630859375,554.6546630859375,6.560078240227195,71.20767956929355
161,2026-05-15 15:22:15,bad_angle,26,-50.50219845900538,695.3278198242188,695.3278198242188,81.6893356809193,144.2316430426769
162,2026-05-15 15:22:16,low_agl,126,-46.50310242727104,630.6394653320312,630.6394653320312,6.50511528108928,23.79630905888543
163,2026-05-15 15:22:20,low_agl,358,-39.93817637274018,515.9046630859375,515.9046630859375,16.942617207938667,78.64038021656063
164,2026-05-15 15:22:24,low_agl,301,-39.57012939112117,539.6301879882812,539.6301879882812,2.3384149404270653,68.95335514316332
165,2026-05-15 15:22:25,low_agl,108,-50.00945064863995,643.5316772460938,643.5316772460938,12.790845739811395,12.790845739811395
166,2026-05-15 15:22:27,low_agl,193,-42.82882460086505,592.0364379882812,592.0364379882812,5.45197481626736,58.58978617209792
167,2026-05-15 15:22:28,bad_angle,72,-49.343471497157964,672.377685546875,672.377685546875,81.78269753668421,111.84358267777175
168,2026-05-15 15:22:28,bad_angle,26,-50.27522249939162,694.6555786132812,694.6555786132812,81.86165452348955,111.89849739869865
169,2026-05-15 15:22:28,bad_angle,26,-50.54959114181623,695.4328002929688,695.4328002929688,84.80629250865462,114.18523790262975
170,2026-05-15 15:22:30,low_agl,114,-49.002316786169644,637.494140625,637.494140625,8.182996927592987,70.94204668228258
171,2026-05-15 15:22:30,bad_angle,27,-50.0679016575339,693.719970703125,693.719970703125,81.172959719288,114.17570978873759
172,2026-05-15 15:22:30,bad_angle,26,-50.34845554283484,694.8302001953125,694.8302001953125,82.61899955903891,148.83971212849602
173,2026-05-15 15:22:32,bad_angle,160,-41.49877942106433,620.8563842773438,620.8563842773438,45.941088621745536,113.8863693151175
174,2026-05-15 15:22:35,low_agl,263,-31.475888344854745,544.9735107421875,544.9735107421875,3.639756155394197,17.807778487083965
175,2026-05-15 15:22:38,bad_angle,263,-39.20850154242037,570.372314453125,570.372314453125,50.08188739097118,112.9694369096108
176,2026-05-15 15:22:43,low_agl,432,-15.072416649889334,444.3787536621094,444.3787536621094,1.7553543478250457,80.16491259025332
177,2026-05-15 15:22:45,bad_angle,206,-35.94396673732254,593.6700439453125,593.6700439453125,19.492702485508776,110.88783430721188
178,2026-05-15 15:22:47,low_agl,176,-40.66322886761843,597.5156860351562,597.5156860351562,0.5028000535214046,61.9057542216799
179,2026-05-15 15:22:49,low_agl,237,-40.95140786726296,572.5614013671875,572.5614013671875,22.69499740428153,68.19101040914153
180,2026-05-15 15:22:49,bad_angle,26,-49.99586293530604,694.6170654296875,694.6170654296875,80.96198883620464,111.25322210705087
181,2026-05-15 15:22:52,low_agl,227,-41.32585694371702,575.8202514648438,575.8202514648438,23.01737550291696,89.39753883854802
182,2026-05-15 15:22:53,low_agl,83,-51.84411526106645,657.9866333007812,657.9866333007812,3.9822158639631122,49.41785639986254
183,2026-05-15 15:22:55,low_agl,156,-46.55143781828928,614.9512939453125,614.9512939453125,15.587517921891893,78.34129306299494
184,2026-05-15 15:22:55,bad_angle,26,-49.84213589080661,694.6588745117188,694.6588745117188,83.51130913258771,110.76272573218475
185,2026-05-15 15:22:55,bad_angle,26,-49.93897859757486,694.3129272460938,694.3129272460938,82.5103107587765,111.55716552511645
186,2026-05-15 15:22:56,bad_angle,40,-49.84484387388793,688.0767822265625,688.0767822265625,85.14105374025529,117.11187150914267
187,2026-05-15 15:23:01,low_agl,514,-29.7411654137376,426.8107604980469,426.8107604980469,31.45619375077819,91.26144965172031
188,2026-05-15 15:23:05,low_agl,370,-28.56079150769957,493.0812072753906,493.0812072753906,4.690016414820486,42.203103673915976
189,2026-05-15 15:23:06,bad_angle,34,-49.358793638031166,690.2715454101562,690.2715454101562,76.11659799748423,110.49888235473632
190,2026-05-15 15:23:06,bad_angle,46,-48.94623834561705,683.81884765625,683.81884765625,80.8738520751548,110.0139662444221
191,2026-05-15 15:23:09,low_agl,302,-26.11913926512471,520.9481811523438,520.9481811523438,3.209856791957601,80.85111437540783
192,2026-05-15 15:23:10,bad_angle,26,-49.85670800035839,694.1572265625,694.1572265625,81.69767534189589,126.3018090751248
193,2026-05-15 15:23:10,bad_angle,27,-50.19235857590631,694.5828857421875,694.5828857421875,82.50867834356487,114.123137822696
194,2026-05-15 15:23:10,bad_angle,27,-49.75820376679849,693.85302734375,693.85302734375,82.47641252992572,116.90162462611134
195,2026-05-15 15:23:12,low_agl,144,-44.62284334015467,621.4003295898438,621.4003295898438,12.825584081930081,57.399441294115604
196,2026-05-15 15:23:16,low_agl,345,-22.95001231563348,495.08660888671875,495.08660888671875,2.152132416428957,24.1035548734147
197,2026-05-15 15:23:17,bad_angle,103,-42.98706622959693,649.9877319335938,649.9877319335938,33.863125093534,113.76085775892936
198,2026-05-15 15:23:18,bad_angle,126,-44.16715551668645,641.7181396484375,641.7181396484375,58.30252207598552,111.8869612091905
199,2026-05-15 15:23:18,bad_angle,28,-49.85354746512642,693.6168823242188,693.6168823242188,81.87293116580925,114.19221152577234
200,2026-05-15 15:23:19,bad_angle,45,-49.69332773434785,686.6258544921875,686.6258544921875,81.26813157518295,111.79633142909361
201,2026-05-15 15:23:21,bad_angle,187,-34.86464427038332,599.6534423828125,599.6534423828125,10.106492603537175,116.15900547841254
202,2026-05-15 15:23:27,low_agl,522,-9.983272280141108,391.44384765625,391.44384765625,4.750977133823319,71.17241530260877
203,2026-05-15 15:23:33,low_agl,596,-0.8789938449643202,345.6067199707031,345.6067199707031,3.0780981739998237,29.53498106556408
204,2026-05-15 15:23:37,bad_angle,357,-14.271858644323103,489.2709045410156,489.2709045410156,1.7144067234205846,112.16779809729393
205,2026-05-15 15:23:40,low_agl,206,-38.70859849366667,580.6544799804688,580.6544799804688,0.8388347418763066,65.75091166777612
206,2026-05-15 15:23:42,bad_angle,195,-38.687620310184954,601.93701171875,601.93701171875,27.754031437598055,110.26311105477666
207,2026-05-15 15:23:42,bad_angle,26,-50.1114594663543,695.362060546875,695.362060546875,82.2207448889138,117.56907071180498
208,2026-05-15 15:23:43,bad_angle,28,-49.73622886524691,694.6028442382812,694.6028442382812,78.07702621381797,115.29994526574335
209,2026-05-15 15:23:45,low_agl,204,-44.87176605828543,592.4306640625,592.4306640625,32.67500344212653,46.61621184006628
210,2026-05-15 15:23:47,low_agl,209,-45.509901276935096,588.453369140625,588.453369140625,18.816165418029843,84.64595381788857
211,2026-05-15 15:23:50,low_agl,293,-32.15454710285256,532.6544799804688,532.6544799804688,1.0191399965770074,92.7508611927008
212,2026-05-15 15:23:52,bad_angle,154,-39.26018624212736,620.0421752929688,620.0421752929688,16.9933569757354,110.5381354518964
213,2026-05-15 15:23:56,low_agl,356,-35.821358894482714,507.7672424316406,507.7672424316406,2.2611394608180104,22.36125728596178
214,2026-05-15 15:23:59,low_agl,253,-34.149292282105506,551.907470703125,551.907470703125,1.12064866719615,35.254697589748645
215,2026-05-15 15:24:01,low_agl,207,-40.70396991508312,582.695556640625,582.695556640625,19.619124164403836,52.005268661246774
216,2026-05-15 15:24:02,bad_angle,82,-47.255220044731665,665.1571044921875,665.1571044921875,71.84348821875169,110.16117048141422
217,2026-05-15 15:24:07,low_agl,390,-21.297365861214082,469.14837646484375,469.14837646484375,4.99398672675591,69.33900811426976
218,2026-05-15 15:24:08,low_agl,126,-47.45057741633564,631.18798828125,631.18798828125,8.755465817783021,45.69920771757329
219,2026-05-15 15:24:13,low_agl,395,-17.17082274911749,463.8492431640625,463.8492431640625,0.9076288340834981,75.98916715813931
220,2026-05-15 15:24:14,low_agl,123,-46.84011074334006,632.8994750976562,632.8994750976562,4.913823784675233,55.56693227565245
221,2026-05-15 15:24:17,bad_angle,249,-37.579506224388055,574.7763061523438,574.7763061523438,24.506150128757348,110.39011842239304
222,2026-05-15 15:24:17,bad_angle,26,-50.390436201012115,695.4644775390625,695.4644775390625,89.23404460038543,116.06140207517305
223,2026-05-15 15:24:17,bad_angle,28,-49.362272798403666,693.8135375976562,693.8135375976562,74.69276310272504,110.29807479313796
224,2026-05-15 15:24:18,bad_angle,32,-50.03466739202635,692.4834594726562,692.4834594726562,82.28255810090242,119.32388291336466
225,2026-05-15 15:24:20,low_agl,195,-40.09668556313888,588.6016845703125,588.6016845703125,3.1080980723818126,25.447230668074628
226,2026-05-15 15:24:21,bad_angle,68,-49.78352781205091,676.060302734375,676.060302734375,81.5423363496023,115.06323822986738
227,2026-05-15 15:24:23,bad_angle,148,-40.06284698390828,624.2114868164062,624.2114868164062,15.300506542778786,113.56996763200584
228,2026-05-15 15:24:23,bad_angle,32,-49.51352216372887,692.4067993164062,692.4067993164062,76.9240493007848,110.61519364611247
229,2026-05-15 15:24:27,low_agl,330,-30.66936608353226,515.0555419921875,515.0555419921875,4.077366802403737,73.08130974165476
230,2026-05-15 15:24:28,low_agl,141,-51.19806231294687,630.0210571289062,630.0210571289062,25.361863548733226,92.01464876244347
231,2026-05-15 15:24:31,low_agl,216,-37.96995268938613,575.7505493164062,575.7505493164062,5.280121707221139,42.30859936074141
232,2026-05-15 15:24:33,bad_angle,153,-42.48168850803401,625.2639770507812,625.2639770507812,44.97647125054839,111.06864990510962
233,2026-05-15 15:24:34,low_agl,128,-50.64591733845251,636.7354125976562,636.7354125976562,6.404748212556881,32.10470655209256
234,2026-05-15 15:24:34,bad_angle,34,-49.89837573408958,690.95703125,690.95703125,85.45872583855258,111.22624285982933
235,2026-05-15 15:24:35,bad_angle,56,-48.135224339322455,679.0692749023438,679.0692749023438,61.57111593348429,114.12438774731412
236,2026-05-15 15:24:37,low_agl,168,-44.5904326417199,607.837646484375,607.837646484375,26.236103856832763,59.5241014090423
237,2026-05-15 15:24:43,bad_angle,557,-3.277456014263606,378.3078308105469,378.3078308105469,1.8674979431470158,115.13182698951266
238,2026-05-15 15:24:44,bad_angle,44,-48.85339728038753,684.9080810546875,684.9080810546875,73.11780344239014,112.7931907082678
239,2026-05-15 15:24:46,low_agl,199,-43.65761586184866,592.7489013671875,592.7489013671875,4.5475612937356455,38.469059745237516
240,2026-05-15 15:24:48,low_agl,119,-49.158692930391126,636.8750610351562,636.8750610351562,26.23260338488313,50.21321143814301
241,2026-05-15 15:24:54,low_agl,569,-6.362142875425256,366.66278076171875,366.66278076171875,1.605715788724056,55.74164509952679
242,2026-05-15 15:24:57,bad_angle,233,-27.7375501639161,571.0640869140625,571.0640869140625,10.211223309175566,110.9749943512104
243,2026-05-15 15:25:03,low_agl,532,-13.237146138097522,392.35540771484375,392.35540771484375,3.6701850750334266,74.3661980981284
244,2026-05-15 15:25:03,bad_angle,26,-50.53450100618301,695.78662109375,695.78662109375,82.46738985003213,118.90252854346657
245,2026-05-15 15:25:05,low_agl,171,-46.73493313981491,608.9080810546875,608.9080810546875,21.99265758966558,88.90140755761664
246,2026-05-15 15:25:07,low_agl,141,-44.52876564087969,620.5558471679688,620.5558471679688,2.954593199323772,23.97763521342364
247,2026-05-15 15:25:09,low_agl,155,-51.90288141747205,624.0949096679688,624.0949096679688,38.448343781484866,46.474898641233295
248,2026-05-15 15:25:09,bad_angle,27,-49.84497411060117,693.9039306640625,693.9039306640625,81.39951026386815,114.94212531550473
249,2026-05-15 15:25:11,bad_angle,135,-39.31654590610888,628.4943237304688,628.4943237304688,19.56727790596156,115.72938657961873
250,2026-05-15 15:25:12,bad_angle,67,-48.408989304116965,675.537109375,675.537109375,61.9378014692656,113.2394616082581
251,2026-05-15 15:25:12,bad_angle,43,-50.25192271089851,687.2793579101562,687.2793579101562,82.44551275412059,118.2111494749212
252,2026-05-15 15:25:15,low_agl,216,-37.77767035156178,574.57958984375,574.57958984375,2.621743353473653,52.14128846347299
253,2026-05-15 15:25:15,bad_angle,32,-50.7257555857672,693.4551391601562,693.4551391601562,83.73623409214541,114.71821805413336
254,2026-05-15 15:25:19,low_agl,330,-26.98737848531764,507.1727294921875,507.1727294921875,5.370566645323625,95.27297684561971
255,2026-05-15 15:25:20,low_agl,85,-54.71473058025931,661.1197509765625,661.1197509765625,37.48163295730711,52.79357835939838
256,2026-05-15 15:25:20,bad_angle,27,-49.75463429579235,693.5850219726562,693.5850219726562,81.01518917964988,118.48155666416201
257,2026-05-15 15:25:24,bad_angle,311,-24.74369804806485,529.0568237304688,529.0568237304688,6.639443757722274,113.34013176643491
258,2026-05-15 15:25:31,low_agl,621,-5.007175328074979,339.90802001953125,339.90802001953125,3.2540760769744983,64.70575612098078
259,2026-05-15 15:25:33,bad_angle,102,-44.446803401653064,651.17236328125,651.17236328125,44.323337826260506,110.80763422597758
260,2026-05-15 15:25:37,low_agl,380,-19.239076157311928,473.5699768066406,473.5699768066406,3.4300535530623497,41.21566664070182
261,2026-05-15 15:25:40,low_agl,204,-38.88168091102075,582.0578002929688,582.0578002929688,0.9343988000400111,47.37473849834204
262,2026-05-15 15:25:42,low_agl,242,-45.45116468230199,573.9973754882812,573.9973754882812,27.163522310262724,94.9041534606282
263,2026-05-15 15:25:48,low_agl,500,-8.437541619713222,402.61737060546875,402.61737060546875,2.079613736689993,79.22907422112402
264,2026-05-15 15:25:49,low_agl,81,-53.50766019155867,660.815185546875,660.815185546875,9.50445923952474,9.50445923952474
265,2026-05-15 15:25:50,bad_angle,33,-49.360107306821135,690.1688842773438,690.1688842773438,77.50315371975351,112.56414031445142
266,2026-05-15 15:25:52,low_agl,209,-41.60385999388451,585.48876953125,585.48876953125,16.249790139289253,80.49348567046596
267,2026-05-15 15:25:55,low_agl,225,-36.14244077664175,572.4755249023438,572.4755249023438,6.321023326824042,41.88803387769246
268,2026-05-15 15:26:07,bad_angle,1009,34.56901536865201,143.57302856445312,143.57302856445312,2.80923439406803,113.62673333419781
269,2026-05-15 15:26:07,bad_angle,31,-49.691925350730905,692.6135864257812,692.6135864257812,81.96552121019793,116.06197581106333
270,2026-05-15 15:26:08,bad_angle,44,-50.050550073192355,686.8982543945312,686.8982543945312,81.13868583003287,113.34605354044531
271,2026-05-15 15:26:09,bad_angle,132,-41.51429759543268,632.8766479492188,632.8766479492188,36.47677552661484,115.50595743148928
272,2026-05-15 15:26:12,bad_angle,203,-35.335130324817634,593.8684692382812,593.8684692382812,17.7123351311695,112.1229100940686
273,2026-05-15 15:26:15,low_agl,244,-45.09260045011857,573.5596923828125,573.5596923828125,9.264695693995199,71.40433437587654
274,2026-05-15 15:26:25,bad_angle,873,30.06820351518909,190.4783477783203,190.4783477783203,2.219819804547195,111.58163126272342
275,2026-05-15 15:26:26,bad_angle,26,-50.84117664289707,696.2911376953125,696.2911376953125,83.7295405067588,124.29232644017202
276,2026-05-15 15:26:26,bad_angle,26,-49.78781476806227,694.3299560546875,694.3299560546875,82.00977400583045,119.63997040777451
277,2026-05-15 15:26:28,low_agl,157,-47.35852987906594,614.3746337890625,614.3746337890625,16.822057538898772,69.26491422215345
278,2026-05-15 15:26:28,bad_angle,35,-49.55330766680409,690.1695556640625,690.1695556640625,70.7128801752503,115.92874614111307
279,2026-05-15 15:26:29,bad_angle,26,-50.19052294564208,695.2830200195312,695.2830200195312,82.2936093469795,119.71388671497239
280,2026-05-15 15:26:31,low_agl,181,-41.719023283685544,598.8699951171875,598.8699951171875,5.965388183346172,32.747464919031195
281,2026-05-15 15:26:38,bad_angle,585,11.989215905575364,346.8690185546875,346.8690185546875,2.0166417404200025,112.74019527049767
282,2026-05-15 15:26:38,bad_angle,36,-49.88198148674711,690.2920532226562,690.2920532226562,81.96114988912913,114.36043225484059
283,2026-05-15 15:26:44,low_agl,532,-9.167215386327122,393.2916259765625,393.2916259765625,0.8970025538388393,71.2974555757442
284,2026-05-15 15:26:47,low_agl,230,-37.67865042300126,571.7362670898438,571.7362670898438,6.9883938535499945,71.98075453050144
285,2026-05-15 15:26:51,low_agl,321,-32.550418342684736,518.9271850585938,518.9271850585938,4.624231874716331,32.901294439518225
286,2026-05-15 15:26:51,bad_angle,29,-50.2617945400972,693.3410034179688,693.3410034179688,86.81022219981217,115.86948741987403
287,2026-05-15 15:26:54,low_agl,228,-34.273824675114945,564.2604370117188,564.2604370117188,5.523148375626655,58.86037094625714
288,2026-05-15 15:26:56,low_agl,120,-48.78244404285508,634.841796875,634.841796875,9.67365583187065,75.62012520709435
289,2026-05-15 15:26:59,low_agl,315,-28.625646614888133,515.3130493164062,515.3130493164062,1.0607249630083952,56.76032341800459
290,2026-05-15 15:27:00,bad_angle,26,-50.571228339351386,695.5697631835938,695.5697631835938,82.71941700021644,132.86962335836066
291,2026-05-15 15:27:00,bad_angle,45,-49.08248595120185,685.1311645507812,685.1311645507812,67.92775442796172,110.55060737732083
292,2026-05-15 15:27:02,low_agl,144,-48.09091830526297,623.8970336914062,623.8970336914062,16.908493582845285,34.47226868447242
293,2026-05-15 15:27:02,bad_angle,31,-49.87287145747266,692.8457641601562,692.8457641601562,85.22705265209491,111.26563939096195
294,2026-05-15 15:27:03,bad_angle,78,-49.329189382532036,670.6658935546875,670.6658935546875,84.41391180121573,115.73526054230494
295,2026-05-15 15:27:07,bad_angle,274,-25.641350360484275,542.905517578125,542.905517578125,1.156906086074928,118.84576967146377
296,2026-05-15 15:27:07,bad_angle,29,-49.88191669292906,693.1134643554688,693.1134643554688,82.5140195514958,116.30194767736256
297,2026-05-15 15:27:09,low_agl,131,-48.62502514345732,630.8671264648438,630.8671264648438,5.216653455019265,5.216653455019265
298,2026-05-15 15:27:09,bad_angle,31,-49.55112437552512,692.1888427734375,692.1888427734375,81.73087006126215,115.5325541881173
299,2026-05-15 15:27:13,low_agl,344,-25.298310411085588,499.4007568359375,499.4007568359375,3.0449113520397897,33.67327315536433
300,2026-05-15 15:27:13,bad_angle,26,-50.47158831933841,694.9864501953125,694.9864501953125,82.44347735774792,135.75264620702305
301,2026-05-15 15:27:14,bad_angle,37,-49.62835201937932,690.0584106445312,690.0584106445312,81.97950260742896,111.62340469968723
302,2026-05-15 15:27:21,low_agl,555,-1.5813392162705568,366.1910095214844,366.1910095214844,4.416057527211275,4.88743961768512
303,2026-05-15 15:27:24,low_agl,293,-27.846938603822835,524.9114379882812,524.9114379882812,1.6064469391303648,37.75305101454508
304,2026-05-15 15:27:39,timeout,1200,56.14995036456604,61.06950759887695,62.16737747192383,1.4715327737760417,12.975170347395238
305,2026-05-15 15:27:39,bad_angle,40,-50.06032203422426,688.27978515625,688.27978515625,88.45079265731421,118.61340663589993
306,2026-05-15 15:27:43,low_agl,295,-27.059727943889634,523.9229125976562,523.9229125976562,2.528710414005967,74.58842513296392
307,2026-05-15 15:27:46,low_agl,316,-30.91599261098943,519.0730590820312,519.0730590820312,13.69419375283259,13.69419375283259
308,2026-05-15 15:27:49,low_agl,226,-43.6219315052867,579.5299072265625,579.5299072265625,6.944836456552354,65.74866453553919
309,2026-05-15 15:27:54,low_agl,409,-20.167453376260333,459.77142333984375,459.77142333984375,2.0463144300520653,27.33049311471286
310,2026-05-15 15:27:58,low_agl,322,-30.894818008125746,514.131103515625,514.131103515625,5.359682311994386,83.88320610270574
311,2026-05-15 15:28:00,low_agl,215,-41.82214866048145,581.626708984375,581.626708984375,11.925636649341909,82.66821790219802
312,2026-05-15 15:28:02,low_agl,143,-51.562687672142204,629.4805297851562,629.4805297851562,37.51708163909948,54.53865754139078
313,2026-05-15 15:28:04,low_agl,196,-39.596513276135695,586.9352416992188,586.9352416992188,5.22269731866108,12.95609875168527
314,2026-05-15 15:28:05,bad_angle,26,-50.47453244840465,695.4464721679688,695.4464721679688,85.50744557790227,113.7052258681396
315,2026-05-15 15:28:15,bad_angle,853,28.232059734301863,206.4541015625,206.4541015625,1.4680711485273146,116.10553875758967
316,2026-05-15 15:28:25,bad_angle,783,24.28241263691728,239.14405822753906,239.14405822753906,3.378291391324231,110.94789216058379
317,2026-05-15 15:28:28,low_agl,242,-38.98202407015235,561.8189086914062,561.8189086914062,0.09278741284332243,41.34093572517444
318,2026-05-15 15:28:41,bad_angle,1108,63.9825666532945,71.3354721069336,71.58544921875,1.124831624454254,110.68997738733495
319,2026-05-15 15:28:45,low_agl,388,-26.174341460933803,480.2866516113281,480.2866516113281,2.3324645649995146,10.259387241881557
320,2026-05-15 15:28:51,low_agl,471,-16.208059272601652,423.918212890625,423.918212890625,1.82863373988282,72.05587978118241
321,2026-05-15 15:28:54,low_agl,218,-41.36517169438143,580.6959838867188,580.6959838867188,10.527455091331632,56.98333592459468
322,2026-05-15 15:29:01,low_agl,659,-11.843201033343213,334.85546875,334.85546875,17.378781135504635,99.38890348098275
323,2026-05-15 15:29:10,low_agl,754,23.277644965505367,242.29876708984375,242.29876708984375,1.3022109968692503,68.31529253127907
324,2026-05-15 15:29:12,low_agl,148,-47.306070122309315,619.5062866210938,619.5062866210938,15.076172394584303,92.10242352346731
325,2026-05-15 15:29:15,low_agl,238,-35.902704629020356,562.1103515625,562.1103515625,3.3258425821311146,64.18349253628492
326,2026-05-15 15:29:24,low_agl,696,15.423154419701909,281.8241271972656,281.8241271972656,2.362811735812116,101.06294186541786
327,2026-05-15 15:29:29,low_agl,399,-22.970807423783086,471.05682373046875,471.05682373046875,2.367942061652442,78.61103089369709
328,2026-05-15 15:29:29,bad_angle,55,-48.548600798715825,680.0514526367188,680.0514526367188,73.31969017387738,115.69951133218909
329,2026-05-15 15:29:30,bad_angle,27,-49.85564630505223,693.8955688476562,693.8955688476562,86.23153442238284,110.59684775800181
330,2026-05-15 15:29:30,bad_angle,26,-50.25137599834585,695.3946533203125,695.3946533203125,86.79353604766983,116.381109569843
331,2026-05-15 15:29:35,low_agl,387,-19.924480060350405,468.8625183105469,468.8625183105469,4.046607899250231,60.93449449151492
332,2026-05-15 15:29:37,bad_angle,163,-41.195018562422995,621.2688598632812,621.2688598632812,46.832018497082,115.66193163137568
333,2026-05-15 15:29:42,low_agl,455,-16.627900445925704,433.4690246582031,433.4690246582031,2.5352812694309312,45.38959865759119
334,2026-05-15 15:29:54,low_agl,947,27.61291454195544,170.21949768066406,170.21949768066406,3.6757290542053616,52.57912066474373
335,2026-05-15 15:29:59,low_agl,451,-14.651373084489151,433.6712341308594,433.6712341308594,0.5702693024730252,72.79014560752628
336,2026-05-15 15:30:05,low_agl,410,-15.755710081857387,450.8030090332031,450.8030090332031,3.176689393348019,5.359719024261175
337,2026-05-15 15:30:05,bad_angle,26,-50.904202853864106,696.1488037109375,696.1488037109375,82.16274975267123,128.489122515308
338,2026-05-15 15:30:10,low_agl,373,-21.944057221269944,480.12188720703125,480.12188720703125,3.2715967928560503,93.86306870657818
339,2026-05-15 15:30:10,bad_angle,26,-50.0658528246768,694.6956787109375,694.6956787109375,82.64851280644254,120.7970454343097
340,2026-05-15 15:30:16,low_agl,410,-23.957493864329862,464.33270263671875,464.33270263671875,1.0241200582555927,33.380316096578724
341,2026-05-15 15:30:27,bad_angle,945,51.2917139330471,125.20787048339844,125.20787048339844,5.379425827563955,111.6599462117468
342,2026-05-15 15:30:28,bad_angle,26,-49.75914026671228,694.7158203125,694.7158203125,82.30858112164017,118.41079590436068
343,2026-05-15 15:30:30,low_agl,154,-44.63346848579056,614.8222045898438,614.8222045898438,2.9116797610988168,75.9423393811897
344,2026-05-15 15:30:34,low_agl,372,-24.55189141375388,483.8180236816406,483.8180236816406,3.806371790007488,69.925004194111
345,2026-05-15 15:30:34,bad_angle,29,-49.75592524158414,693.0820922851562,693.0820922851562,82.63148514484169,116.57078392309425
346,2026-05-15 15:30:49,timeout,1200,44.62164429474518,48.95691680908203,48.95691680908203,1.5097357293512155,54.73832446139777
347,2026-05-15 15:30:55,low_agl,487,-8.500727772964183,405.8825378417969,405.8825378417969,1.330603773083876,46.44088088407205
348,2026-05-15 15:30:56,low_agl,127,-46.04510979266162,626.527099609375,626.527099609375,2.8800440324106105,14.828981018332371
349,2026-05-15 15:31:07,low_agl,846,27.540411178771876,191.61912536621094,191.61912536621094,0.9310420822280672,82.03585166808156
350,2026-05-15 15:31:07,bad_angle,49,-49.31900727222935,682.9164428710938,682.9164428710938,84.74988197629949,114.16121612731882
351,2026-05-15 15:31:11,low_agl,319,-25.13639435504296,507.4535827636719,507.4535827636719,4.950921957152157,23.759625820400586
352,2026-05-15 15:31:13,low_agl,188,-41.40252306021742,592.9027709960938,592.9027709960938,4.223084192590904,58.630009156120124
353,2026-05-15 15:31:19,low_agl,440,-13.48564128965024,434.7417297363281,434.7417297363281,1.2948267086028205,46.52884689039264
354,2026-05-15 15:31:21,bad_angle,177,-35.00933680283953,605.0968017578125,605.0968017578125,4.827427014316449,110.62139545787885
355,2026-05-15 15:31:22,bad_angle,38,-49.63141094179128,689.143310546875,689.143310546875,82.49354947455328,113.26127723246711
356,2026-05-15 15:31:24,low_agl,202,-39.11352062210646,584.5197143554688,584.5197143554688,18.70868385370323,33.03303854332401
357,2026-05-15 15:31:36,low_agl,980,37.38262528026749,132.23873901367188,132.23873901367188,1.4314915368187824,49.701565382511944
358,2026-05-15 15:31:42,low_agl,492,-16.906751095156416,416.7518615722656,416.7518615722656,2.7735404657957785,36.489510414322325
359,2026-05-15 15:31:47,bad_angle,429,-12.745868671132001,454.556640625,454.556640625,2.308679925318826,110.31940547391591
360,2026-05-15 15:31:50,low_agl,163,-48.14332448994834,616.0800170898438,616.0800170898438,36.17245644814492,50.567937312687626
361,2026-05-15 15:31:55,bad_angle,467,-8.087764660663694,433.4670715332031,433.4670715332031,7.359701292965282,114.13654548403673
362,2026-05-15 15:31:57,low_agl,179,-47.170284755218184,604.3508911132812,604.3508911132812,15.031520032885345,65.81959605006978
363,2026-05-15 15:31:58,bad_angle,26,-50.520163898893564,695.4427490234375,695.4427490234375,82.99408622749932,113.57236502840452
364,2026-05-15 15:32:11,bad_angle,1087,43.32120118714967,110.07758331298828,110.07758331298828,2.50123725873006,110.90975238425844
365,2026-05-15 15:32:11,bad_angle,32,-49.17559454237488,691.6775512695312,691.6775512695312,74.22471072947158,110.16499538734942
366,2026-05-15 15:32:25,bad_angle,1101,41.487114352039185,106.0539321899414,106.0539321899414,0.555671213865151,111.10093620931627
367,2026-05-15 15:32:29,low_agl,373,-24.766636047211463,483.0923767089844,483.0923767089844,5.197499897039257,80.5709400156539
368,2026-05-15 15:32:37,low_agl,615,4.21120827714671,336.21484375,336.21484375,1.320713445722286,65.77300049955196
369,2026-05-15 15:32:38,low_agl,121,-48.272216817519684,634.0540161132812,634.0540161132812,8.951660440370699,9.568730465840915
370,2026-05-15 15:32:51,bad_angle,1072,55.89467733806336,89.48509979248047,89.48509979248047,1.0948579796118878,111.1420880990656
371,2026-05-15 15:32:54,low_agl,205,-45.69193689545622,592.5158081054688,592.5158081054688,0.7249675910059662,58.061204662419804
372,2026-05-15 15:32:54,bad_angle,26,-49.87219148056649,694.043212890625,694.043212890625,85.11040668144943,115.45822806956923
373,2026-05-15 15:33:09,timeout,1200,65.11392388743153,59.879093170166016,71.34203338623047,1.5810293506295143,28.512976444960486
374,2026-05-15 15:33:13,low_agl,379,-26.498140710112615,484.2548828125,484.2548828125,1.4437425483122581,87.73697641734535
375,2026-05-15 15:33:14,bad_angle,26,-49.77114427299395,694.4073486328125,694.4073486328125,82.04087185712152,120.9591258233141
376,2026-05-15 15:33:16,low_agl,183,-42.048279013851456,594.1730346679688,594.1730346679688,2.684746512481732,81.00678804697075
377,2026-05-15 15:33:20,low_agl,333,-23.425341509960262,499.6556701660156,499.6556701660156,1.310450019277284,19.13569362023409
378,2026-05-15 15:33:20,bad_angle,28,-49.6174796599028,693.2299194335938,693.2299194335938,81.02893152025995,110.66613319694243
379,2026-05-15 15:33:21,bad_angle,31,-49.80357734668655,693.0383911132812,693.0383911132812,84.73713684330824,110.65903663039478
380,2026-05-15 15:33:46,bad_angle,1190,62.13976511019265,59.26362609863281,68.2995834350586,1.957147591098018,111.1500794203945
381,2026-05-15 15:33:46,bad_angle,29,-49.78590395070167,692.6361083984375,692.6361083984375,83.61314042292344,115.78533948929947
382,2026-05-15 15:34:09,bad_angle,1036,57.62780810621919,69.81310272216797,69.81310272216797,1.0957512402892784,112.90890094299698
383,2026-05-15 15:34:25,bad_angle,1165,60.86857793238728,83.68063354492188,85.65077209472656,2.102171930527841,112.60869363840742
384,2026-05-15 15:34:28,low_agl,222,-40.44471690204688,576.8472290039062,576.8472290039062,2.6712974431191534,63.60173800391826
385,2026-05-15 15:34:41,bad_angle,1062,65.07231592910678,64.30001831054688,64.30001831054688,1.573585191486141,111.90250671974145
386,2026-05-15 15:34:52,bad_angle,908,42.49757498599774,165.11354064941406,165.11354064941406,1.4583079267173102,116.27543288300457
387,2026-05-15 15:34:52,bad_angle,27,-49.674153835492184,694.0098876953125,694.0098876953125,80.78411704983917,115.7873612252938
388,2026-05-15 15:34:53,bad_angle,41,-49.70058108063434,686.7462158203125,686.7462158203125,81.93939573662264,113.7801393829563
389,2026-05-15 15:35:06,bad_angle,1086,57.759066785894305,65.36043548583984,65.36043548583984,2.3041824591937843,110.1092200625871
390,2026-05-15 15:35:09,low_agl,215,-46.73968583932679,589.9102783203125,589.9102783203125,14.97636625533749,45.11767516635465
391,2026-05-15 15:35:23,bad_angle,1160,65.38050648529065,72.45804595947266,73.77718353271484,2.834277709546705,114.48382645238604
392,2026-05-15 15:35:27,low_agl,334,-25.298351524974628,502.4378662109375,502.4378662109375,1.4732605981926434,49.66840822918612
393,2026-05-15 15:35:42,bad_angle,1121,71.31329081191808,62.660118103027344,64.11279296875,1.2190069130606245,118.05107716153279
394,2026-05-15 15:36:04,bad_angle,1140,67.4823863757802,39.44167709350586,40.17633056640625,1.17436533025395,112.24266380078643
395,2026-05-15 15:36:30,bad_angle,945,27.711327969458473,184.63522338867188,184.63522338867188,6.889740735612446,110.62774070361779
396,2026-05-15 15:36:31,bad_angle,67,-49.559437165972206,675.7871704101562,675.7871704101562,80.53952114547185,117.33594269505411
397,2026-05-15 15:36:36,low_agl,197,-42.1041588297593,591.9776000976562,591.9776000976562,12.294478817353644,45.06535250221776
398,2026-05-15 15:36:53,bad_angle,767,21.60031906779028,250.89796447753906,250.89796447753906,1.539895390126759,116.80714944951173
399,2026-05-15 15:37:17,bad_angle,1077,51.989106454097396,93.9638900756836,93.9638900756836,2.473221957188784,110.79171305502229
400,2026-05-15 15:37:44,timeout,1200,52.010759041003205,51.41623306274414,52.59321212768555,0.8991813841840733,45.93949377257434
401,2026-05-15 15:37:50,bad_angle,278,-26.40699422083942,545.180419921875,545.180419921875,10.831200433911269,111.02628224168804
402,2026-05-15 15:38:19,timeout,1200,51.4984384993725,62.08914566040039,64.79364013671875,2.036535520151311,84.24338246820803
403,2026-05-15 15:38:20,bad_angle,32,-49.93238039239406,692.2626342773438,692.2626342773438,82.61117899243925,111.22344248226962
404,2026-05-15 15:38:50,bad_angle,1152,67.8442353629519,73.48503875732422,75.27456665039062,1.352917894380602,115.13076148000214
405,2026-05-15 15:38:51,bad_angle,33,-49.324606902406074,691.5739135742188,691.5739135742188,78.64887014169895,111.3808578520709
406,2026-05-15 15:39:22,timeout,1200,51.22785168502888,77.23857879638672,89.55126953125,1.5036312477805165,78.29965622981454
407,2026-05-15 15:39:23,bad_angle,68,-46.815636661401385,670.225830078125,670.225830078125,48.616770832868426,112.23836078160932
408,2026-05-15 15:39:54,bad_angle,1179,64.7713395321412,42.17423629760742,46.011131286621094,1.802765679061866,112.68425602119527
409,2026-05-15 15:40:07,bad_angle,461,-10.77004652142076,438.6451416015625,438.6451416015625,14.036965088782386,112.6689427370761
410,2026-05-15 15:40:08,bad_angle,37,-49.64913513070017,689.0247192382812,689.0247192382812,85.93894960890701,113.66959277123965
411,2026-05-15 15:40:40,timeout,1200,63.147567654091155,51.304622650146484,55.17197799682617,2.94676473531788,69.82419743215078
412,2026-05-15 15:41:04,low_agl,964,33.98614985614425,138.5251922607422,138.5251922607422,2.98734075474281,82.35566844577824
